rho eta ratio
0.005 0.5026 1
0.0149 0.50755 1
0.0248 0.5125 1
0.0347 0.51745 1
0.0446 0.5224 1
0.0545 0.52735 1
0.0644 0.5323 1
0.0743 0.53725 1
0.0842 0.5422 1
0.0941 0.54715 1
0.104 0.5521 1
0.1139 0.55705 1
0.1238 0.562 1
0.1337 0.56695 1
0.1436 0.5719 1
0.1535 0.57685 1
0.1634 0.5818 1
0.1733 0.58675 1
0.1832 0.5917 1
0.1931 0.59665 1
0.203 0.6016 1
0.2129 0.60655 1
0.2228 0.6115 1
0.2327 0.61645 1
0.2426 0.6214 1
0.2525 0.62635 1
0.2624 0.6313 1
0.2723 0.63625 1
0.2822 0.6412 1
0.2921 0.64615 1
0.302 0.6511 1
0.3119 0.65605 1
0.3218 0.661 1
0.3317 0.66595 1
0.3416 0.6709 1
0.3515 0.67585 1
0.3614 0.6808 1
0.3713 0.68575 1
0.3812 0.6907 1
0.3911 0.69565 1
0.401 0.7006 1
0.4109 0.70555 1
0.4208 0.7105 1
0.4307 0.71545 1
0.4406 0.7204 1
0.4505 0.72535 1
0.4604 0.7303 1
0.4703 0.73525 1
0.4802 0.7402 1
0.4901 0.74515 1
0.5 0.7501 1
0.5099 0.75505 1
0.5198 0.76 1
0.5297 0.76495 1
0.5396 0.7699 1
0.5495 0.77485 1
0.5594 0.7798 1
0.5693 0.78475 1
0.5792 0.7897 1
0.5891 0.79465 1
0.599 0.7996 1
0.6089 0.80455 1
0.6188 0.8095 1
0.6287 0.81445 1
0.6386 0.8194 1
0.6485 0.82435 1
0.6584 0.8293 1
0.6683 0.83425 1
0.6782 0.8392 1
0.6881 0.84415 1
0.698 0.8491 1
0.7079 0.85405 1
0.7178 0.859 1
0.7277 0.86395 1
0.7376 0.8689 1
0.7475 0.87385 1
0.7574 0.8788 1
0.7673 0.88375 1
0.7772 0.8887 1
0.7871 0.89365 1
0.797 0.8986 1
0.8069 0.90355 1
0.8168 0.9085 1
0.8267 0.91345 1
0.8366 0.9184 1
0.8465 0.92335 1
0.8564 0.9283 1
0.8663 0.93325 1
0.8762 0.9382 1
0.8861 0.94315 1
0.896 0.9481 1
0.9059 0.95305 1
0.9158 0.958 1
0.9257 0.96295 1
0.9356 0.9679 1
0.9455 0.97285 1
0.9554 0.9778 1
0.9653 0.98275 1
0.9752 0.9877 1
0.9851 0.99265 1
0.995 0.9976 1
0.005 0.512547801 1
0.0149 0.51739880298 1
0.0248 0.52224980496 1
0.0347 0.52710080694 1
0.0446 0.53195180892 1
0.0545 0.5368028109 1
0.0644 0.54165381288 1
0.0743 0.54650481486 1
0.0842 0.55135581684 1
0.0941 0.55620681882 1
0.104 0.5610578208 1
0.1139 0.56590882278 1
0.1238 0.57075982476 1
0.1337 0.57561082674 1
0.1436 0.58046182872 1
0.1535 0.5853128307 1
0.1634 0.59016383268 1
0.1733 0.59501483466 1
0.1832 0.59986583664 1
0.1931 0.60471683862 1
0.203 0.6095678406 1
0.2129 0.61441884258 1
0.2228 0.61926984456 1
0.2327 0.62412084654 1
0.2426 0.62897184852 1
0.2525 0.6338228505 1
0.2624 0.63867385248 1
0.2723 0.64352485446 1
0.2822 0.64837585644 1
0.2921 0.65322685842 1
0.302 0.6580778604 1
0.3119 0.66292886238 1
0.3218 0.66777986436 1
0.3317 0.67263086634 1
0.3416 0.67748186832 1
0.3515 0.6823328703 1
0.3614 0.68718387228 1
0.3713 0.69203487426 1
0.3812 0.69688587624 1
0.3911 0.70173687822 1
0.401 0.7065878802 1
0.4109 0.71143888218 1
0.4208 0.71628988416 1
0.4307 0.72114088614 1
0.4406 0.72599188812 1
0.4505 0.7308428901 1
0.4604 0.73569389208 1
0.4703 0.74054489406 1
0.4802 0.74539589604 1
0.4901 0.75024689802 1
0.5 0.7550979 1
0.5099 0.75994890198 1
0.5198 0.76479990396 1
0.5297 0.76965090594 1
0.5396 0.77450190792 1
0.5495 0.7793529099 1
0.5594 0.78420391188 1
0.5693 0.78905491386 1
0.5792 0.79390591584 1
0.5891 0.79875691782 1
0.599 0.8036079198 1
0.6089 0.80845892178 1
0.6188 0.81330992376 1
0.6287 0.81816092574 1
0.6386 0.82301192772 1
0.6485 0.8278629297 1
0.6584 0.83271393168 1
0.6683 0.83756493366 1
0.6782 0.84241593564 1
0.6881 0.84726693762 1
0.698 0.8521179396 1
0.7079 0.85696894158 1
0.7178 0.86181994356 1
0.7277 0.86667094554 1
0.7376 0.87152194752 1
0.7475 0.8763729495 1
0.7574 0.88122395148 1
0.7673 0.88607495346 1
0.7772 0.89092595544 1
0.7871 0.89577695742 1
0.797 0.9006279594 1
0.8069 0.90547896138 1
0.8168 0.91032996336 1
0.8267 0.91518096534 1
0.8366 0.92003196732 1
0.8465 0.9248829693 1
0.8564 0.92973397128 1
0.8663 0.93458497326 1
0.8762 0.93943597524 1
0.8861 0.94428697722 1
0.896 0.9491379792 1
0.9059 0.95398898118 1
0.9158 0.95883998316 1
0.9257 0.96369098514 1
0.9356 0.96854198712 1
0.9455 0.9733929891 1
0.9554 0.97824399108 1
0.9653 0.98309499306 1
0.9752 0.98794599504 1
0.9851 0.99279699702 1
0.995 0.997647999 1
0.005 0.522495602 1
0.0149 0.52724760596 1
0.0248 0.53199960992 1
0.0347 0.53675161388 1
0.0446 0.54150361784 1
0.0545 0.5462556218 1
0.0644 0.55100762576 1
0.0743 0.55575962972 1
0.0842 0.56051163368 1
0.0941 0.56526363764 1
0.104 0.5700156416 1
0.1139 0.57476764556 1
0.1238 0.57951964952 1
0.1337 0.58427165348 1
0.1436 0.58902365744 1
0.1535 0.5937756614 1
0.1634 0.59852766536 1
0.1733 0.60327966932 1
0.1832 0.60803167328 1
0.1931 0.61278367724 1
0.203 0.6175356812 1
0.2129 0.62228768516 1
0.2228 0.62703968912 1
0.2327 0.63179169308 1
0.2426 0.63654369704 1
0.2525 0.641295701 1
0.2624 0.64604770496 1
0.2723 0.65079970892 1
0.2822 0.65555171288 1
0.2921 0.66030371684 1
0.302 0.6650557208 1
0.3119 0.66980772476 1
0.3218 0.67455972872 1
0.3317 0.67931173268 1
0.3416 0.68406373664 1
0.3515 0.6888157406 1
0.3614 0.69356774456 1
0.3713 0.69831974852 1
0.3812 0.70307175248 1
0.3911 0.70782375644 1
0.401 0.7125757604 1
0.4109 0.71732776436 1
0.4208 0.72207976832 1
0.4307 0.72683177228 1
0.4406 0.73158377624 1
0.4505 0.7363357802 1
0.4604 0.74108778416 1
0.4703 0.74583978812 1
0.4802 0.75059179208 1
0.4901 0.75534379604 1
0.5 0.7600958 1
0.5099 0.76484780396 1
0.5198 0.76959980792 1
0.5297 0.77435181188 1
0.5396 0.77910381584 1
0.5495 0.7838558198 1
0.5594 0.78860782376 1
0.5693 0.79335982772 1
0.5792 0.79811183168 1
0.5891 0.80286383564 1
0.599 0.8076158396 1
0.6089 0.81236784356 1
0.6188 0.81711984752 1
0.6287 0.82187185148 1
0.6386 0.82662385544 1
0.6485 0.8313758594 1
0.6584 0.83612786336 1
0.6683 0.84087986732 1
0.6782 0.84563187128 1
0.6881 0.85038387524 1
0.698 0.8551358792 1
0.7079 0.85988788316 1
0.7178 0.86463988712 1
0.7277 0.86939189108 1
0.7376 0.87414389504 1
0.7475 0.878895899 1
0.7574 0.88364790296 1
0.7673 0.88839990692 1
0.7772 0.89315191088 1
0.7871 0.89790391484 1
0.797 0.9026559188 1
0.8069 0.90740792276 1
0.8168 0.91215992672 1
0.8267 0.91691193068 1
0.8366 0.92166393464 1
0.8465 0.9264159386 1
0.8564 0.93116794256 1
0.8663 0.93591994652 1
0.8762 0.94067195048 1
0.8861 0.94542395444 1
0.896 0.9501759584 1
0.9059 0.95492796236 1
0.9158 0.95967996632 1
0.9257 0.96443197028 1
0.9356 0.96918397424 1
0.9455 0.9739359782 1
0.9554 0.97868798216 1
0.9653 0.98343998612 1
0.9752 0.98819199008 1
0.9851 0.99294399404 1
0.995 0.997695998 1
0.005 0.532443403 1
0.0149 0.53709640894 1
0.0248 0.54174941488 1
0.0347 0.54640242082 1
0.0446 0.55105542676 1
0.0545 0.5557084327 1
0.0644 0.56036143864 1
0.0743 0.56501444458 1
0.0842 0.56966745052 1
0.0941 0.57432045646 1
0.104 0.5789734624 1
0.1139 0.58362646834 1
0.1238 0.58827947428 1
0.1337 0.59293248022 1
0.1436 0.59758548616 1
0.1535 0.6022384921 1
0.1634 0.60689149804 1
0.1733 0.61154450398 1
0.1832 0.61619750992 1
0.1931 0.62085051586 1
0.203 0.6255035218 1
0.2129 0.63015652774 1
0.2228 0.63480953368 1
0.2327 0.63946253962 1
0.2426 0.64411554556 1
0.2525 0.6487685515 1
0.2624 0.65342155744 1
0.2723 0.65807456338 1
0.2822 0.66272756932 1
0.2921 0.66738057526 1
0.302 0.6720335812 1
0.3119 0.67668658714 1
0.3218 0.68133959308 1
0.3317 0.68599259902 1
0.3416 0.69064560496 1
0.3515 0.6952986109 1
0.3614 0.69995161684 1
0.3713 0.70460462278 1
0.3812 0.70925762872 1
0.3911 0.71391063466 1
0.401 0.7185636406 1
0.4109 0.72321664654 1
0.4208 0.72786965248 1
0.4307 0.73252265842 1
0.4406 0.73717566436 1
0.4505 0.7418286703 1
0.4604 0.74648167624 1
0.4703 0.75113468218 1
0.4802 0.75578768812 1
0.4901 0.76044069406 1
0.5 0.7650937 1
0.5099 0.76974670594 1
0.5198 0.77439971188 1
0.5297 0.77905271782 1
0.5396 0.78370572376 1
0.5495 0.7883587297 1
0.5594 0.79301173564 1
0.5693 0.79766474158 1
0.5792 0.80231774752 1
0.5891 0.80697075346 1
0.599 0.8116237594 1
0.6089 0.81627676534 1
0.6188 0.82092977128 1
0.6287 0.82558277722 1
0.6386 0.83023578316 1
0.6485 0.8348887891 1
0.6584 0.83954179504 1
0.6683 0.84419480098 1
0.6782 0.84884780692 1
0.6881 0.85350081286 1
0.698 0.8581538188 1
0.7079 0.86280682474 1
0.7178 0.86745983068 1
0.7277 0.87211283662 1
0.7376 0.87676584256 1
0.7475 0.8814188485 1
0.7574 0.88607185444 1
0.7673 0.89072486038 1
0.7772 0.89537786632 1
0.7871 0.90003087226 1
0.797 0.9046838782 1
0.8069 0.90933688414 1
0.8168 0.91398989008 1
0.8267 0.91864289602 1
0.8366 0.92329590196 1
0.8465 0.9279489079 1
0.8564 0.93260191384 1
0.8663 0.93725491978 1
0.8762 0.94190792572 1
0.8861 0.94656093166 1
0.896 0.9512139376 1
0.9059 0.95586694354 1
0.9158 0.96051994948 1
0.9257 0.96517295542 1
0.9356 0.96982596136 1
0.9455 0.9744789673 1
0.9554 0.97913197324 1
0.9653 0.98378497918 1
0.9752 0.98843798512 1
0.9851 0.99309099106 1
0.995 0.997743997 1
0.005 0.542391204 1
0.0149 0.54694521192 1
0.0248 0.55149921984 1
0.0347 0.55605322776 1
0.0446 0.56060723568 1
0.0545 0.5651612436 1
0.0644 0.56971525152 1
0.0743 0.57426925944 1
0.0842 0.57882326736 1
0.0941 0.58337727528 1
0.104 0.5879312832 1
0.1139 0.59248529112 1
0.1238 0.59703929904 1
0.1337 0.60159330696 1
0.1436 0.60614731488 1
0.1535 0.6107013228 1
0.1634 0.61525533072 1
0.1733 0.61980933864 1
0.1832 0.62436334656 1
0.1931 0.62891735448 1
0.203 0.6334713624 1
0.2129 0.63802537032 1
0.2228 0.64257937824 1
0.2327 0.64713338616 1
0.2426 0.65168739408 1
0.2525 0.656241402 1
0.2624 0.66079540992 1
0.2723 0.66534941784 1
0.2822 0.66990342576 1
0.2921 0.67445743368 1
0.302 0.6790114416 1
0.3119 0.68356544952 1
0.3218 0.68811945744 1
0.3317 0.69267346536 1
0.3416 0.69722747328 1
0.3515 0.7017814812 1
0.3614 0.70633548912 1
0.3713 0.71088949704 1
0.3812 0.71544350496 1
0.3911 0.71999751288 1
0.401 0.7245515208 1
0.4109 0.72910552872 1
0.4208 0.73365953664 1
0.4307 0.73821354456 1
0.4406 0.74276755248 1
0.4505 0.7473215604 1
0.4604 0.75187556832 1
0.4703 0.75642957624 1
0.4802 0.76098358416 1
0.4901 0.76553759208 1
0.5 0.7700916 1
0.5099 0.77464560792 1
0.5198 0.77919961584 1
0.5297 0.78375362376 1
0.5396 0.78830763168 1
0.5495 0.7928616396 1
0.5594 0.79741564752 1
0.5693 0.80196965544 1
0.5792 0.80652366336 1
0.5891 0.81107767128 1
0.599 0.8156316792 1
0.6089 0.82018568712 1
0.6188 0.82473969504 1
0.6287 0.82929370296 1
0.6386 0.83384771088 1
0.6485 0.8384017188 1
0.6584 0.84295572672 1
0.6683 0.84750973464 1
0.6782 0.85206374256 1
0.6881 0.85661775048 1
0.698 0.8611717584 1
0.7079 0.86572576632 1
0.7178 0.87027977424 1
0.7277 0.87483378216 1
0.7376 0.87938779008 1
0.7475 0.883941798 1
0.7574 0.88849580592 1
0.7673 0.89304981384 1
0.7772 0.89760382176 1
0.7871 0.90215782968 1
0.797 0.9067118376 1
0.8069 0.91126584552 1
0.8168 0.91581985344 1
0.8267 0.92037386136 1
0.8366 0.92492786928 1
0.8465 0.9294818772 1
0.8564 0.93403588512 1
0.8663 0.93858989304 1
0.8762 0.94314390096 1
0.8861 0.94769790888 1
0.896 0.9522519168 1
0.9059 0.95680592472 1
0.9158 0.96135993264 1
0.9257 0.96591394056 1
0.9356 0.97046794848 1
0.9455 0.9750219564 1
0.9554 0.97957596432 1
0.9653 0.98412997224 1
0.9752 0.98868398016 1
0.9851 0.99323798808 1
0.995 0.997791996 1
0.005 0.552339005 1
0.0149 0.5567940149 1
0.0248 0.5612490248 1
0.0347 0.5657040347 1
0.0446 0.5701590446 1
0.0545 0.5746140545 1
0.0644 0.5790690644 1
0.0743 0.5835240743 1
0.0842 0.5879790842 1
0.0941 0.5924340941 1
0.104 0.596889104 1
0.1139 0.6013441139 1
0.1238 0.6057991238 1
0.1337 0.6102541337 1
0.1436 0.6147091436 1
0.1535 0.6191641535 1
0.1634 0.6236191634 1
0.1733 0.6280741733 1
0.1832 0.6325291832 1
0.1931 0.6369841931 1
0.203 0.641439203 1
0.2129 0.6458942129 1
0.2228 0.6503492228 1
0.2327 0.6548042327 1
0.2426 0.6592592426 1
0.2525 0.6637142525 1
0.2624 0.6681692624 1
0.2723 0.6726242723 1
0.2822 0.6770792822 1
0.2921 0.6815342921 1
0.302 0.685989302 1
0.3119 0.6904443119 1
0.3218 0.6948993218 1
0.3317 0.6993543317 1
0.3416 0.7038093416 1
0.3515 0.7082643515 1
0.3614 0.7127193614 1
0.3713 0.7171743713 1
0.3812 0.7216293812 1
0.3911 0.7260843911 1
0.401 0.730539401 1
0.4109 0.7349944109 1
0.4208 0.7394494208 1
0.4307 0.7439044307 1
0.4406 0.7483594406 1
0.4505 0.7528144505 1
0.4604 0.7572694604 1
0.4703 0.7617244703 1
0.4802 0.7661794802 1
0.4901 0.7706344901 1
0.5 0.7750895 1
0.5099 0.7795445099 1
0.5198 0.7839995198 1
0.5297 0.7884545297 1
0.5396 0.7929095396 1
0.5495 0.7973645495 1
0.5594 0.8018195594 1
0.5693 0.8062745693 1
0.5792 0.8107295792 1
0.5891 0.8151845891 1
0.599 0.819639599 1
0.6089 0.8240946089 1
0.6188 0.8285496188 1
0.6287 0.8330046287 1
0.6386 0.8374596386 1
0.6485 0.8419146485 1
0.6584 0.8463696584 1
0.6683 0.8508246683 1
0.6782 0.8552796782 1
0.6881 0.8597346881 1
0.698 0.864189698 1
0.7079 0.8686447079 1
0.7178 0.8730997178 1
0.7277 0.8775547277 1
0.7376 0.8820097376 1
0.7475 0.8864647475 1
0.7574 0.8909197574 1
0.7673 0.8953747673 1
0.7772 0.8998297772 1
0.7871 0.9042847871 1
0.797 0.908739797 1
0.8069 0.9131948069 1
0.8168 0.9176498168 1
0.8267 0.9221048267 1
0.8366 0.9265598366 1
0.8465 0.9310148465 1
0.8564 0.9354698564 1
0.8663 0.9399248663 1
0.8762 0.9443798762 1
0.8861 0.9488348861 1
0.896 0.953289896 1
0.9059 0.9577449059 1
0.9158 0.9621999158 1
0.9257 0.9666549257 1
0.9356 0.9711099356 1
0.9455 0.9755649455 1
0.9554 0.9800199554 1
0.9653 0.9844749653 1
0.9752 0.9889299752 1
0.9851 0.9933849851 1
0.995 0.997839995 1
0.005 0.562286806 1
0.0149 0.56664281788 1
0.0248 0.57099882976 1
0.0347 0.57535484164 1
0.0446 0.57971085352 1
0.0545 0.5840668654 1
0.0644 0.58842287728 1
0.0743 0.59277888916 1
0.0842 0.59713490104 1
0.0941 0.60149091292 1
0.104 0.6058469248 1
0.1139 0.61020293668 1
0.1238 0.61455894856 1
0.1337 0.61891496044 1
0.1436 0.62327097232 1
0.1535 0.6276269842 1
0.1634 0.63198299608 1
0.1733 0.63633900796 1
0.1832 0.64069501984 1
0.1931 0.64505103172 1
0.203 0.6494070436 1
0.2129 0.65376305548 1
0.2228 0.65811906736 1
0.2327 0.66247507924 1
0.2426 0.66683109112 1
0.2525 0.671187103 1
0.2624 0.67554311488 1
0.2723 0.67989912676 1
0.2822 0.68425513864 1
0.2921 0.68861115052 1
0.302 0.6929671624 1
0.3119 0.69732317428 1
0.3218 0.70167918616 1
0.3317 0.70603519804 1
0.3416 0.71039120992 1
0.3515 0.7147472218 1
0.3614 0.71910323368 1
0.3713 0.72345924556 1
0.3812 0.72781525744 1
0.3911 0.73217126932 1
0.401 0.7365272812 1
0.4109 0.74088329308 1
0.4208 0.74523930496 1
0.4307 0.74959531684 1
0.4406 0.75395132872 1
0.4505 0.7583073406 1
0.4604 0.76266335248 1
0.4703 0.76701936436 1
0.4802 0.77137537624 1
0.4901 0.77573138812 1
0.5 0.7800874 1
0.5099 0.78444341188 1
0.5198 0.78879942376 1
0.5297 0.79315543564 1
0.5396 0.79751144752 1
0.5495 0.8018674594 1
0.5594 0.80622347128 1
0.5693 0.81057948316 1
0.5792 0.81493549504 1
0.5891 0.81929150692 1
0.599 0.8236475188 1
0.6089 0.82800353068 1
0.6188 0.83235954256 1
0.6287 0.83671555444 1
0.6386 0.84107156632 1
0.6485 0.8454275782 1
0.6584 0.84978359008 1
0.6683 0.85413960196 1
0.6782 0.85849561384 1
0.6881 0.86285162572 1
0.698 0.8672076376 1
0.7079 0.87156364948 1
0.7178 0.87591966136 1
0.7277 0.88027567324 1
0.7376 0.88463168512 1
0.7475 0.888987697 1
0.7574 0.89334370888 1
0.7673 0.89769972076 1
0.7772 0.90205573264 1
0.7871 0.90641174452 1
0.797 0.9107677564 1
0.8069 0.91512376828 1
0.8168 0.91947978016 1
0.8267 0.92383579204 1
0.8366 0.92819180392 1
0.8465 0.9325478158 1
0.8564 0.93690382768 1
0.8663 0.94125983956 1
0.8762 0.94561585144 1
0.8861 0.94997186332 1
0.896 0.9543278752 1
0.9059 0.95868388708 1
0.9158 0.96303989896 1
0.9257 0.96739591084 1
0.9356 0.97175192272 1
0.9455 0.9761079346 1
0.9554 0.98046394648 1
0.9653 0.98481995836 1
0.9752 0.98917597024 1
0.9851 0.99353198212 1
0.995 0.997887994 1
0.005 0.572234607 1
0.0149 0.57649162086 1
0.0248 0.58074863472 1
0.0347 0.58500564858 1
0.0446 0.58926266244 1
0.0545 0.5935196763 1
0.0644 0.59777669016 1
0.0743 0.60203370402 1
0.0842 0.60629071788 1
0.0941 0.61054773174 1
0.104 0.6148047456 1
0.1139 0.61906175946 1
0.1238 0.62331877332 1
0.1337 0.62757578718 1
0.1436 0.63183280104 1
0.1535 0.6360898149 1
0.1634 0.64034682876 1
0.1733 0.64460384262 1
0.1832 0.64886085648 1
0.1931 0.65311787034 1
0.203 0.6573748842 1
0.2129 0.66163189806 1
0.2228 0.66588891192 1
0.2327 0.67014592578 1
0.2426 0.67440293964 1
0.2525 0.6786599535 1
0.2624 0.68291696736 1
0.2723 0.68717398122 1
0.2822 0.69143099508 1
0.2921 0.69568800894 1
0.302 0.6999450228 1
0.3119 0.70420203666 1
0.3218 0.70845905052 1
0.3317 0.71271606438 1
0.3416 0.71697307824 1
0.3515 0.7212300921 1
0.3614 0.72548710596 1
0.3713 0.72974411982 1
0.3812 0.73400113368 1
0.3911 0.73825814754 1
0.401 0.7425151614 1
0.4109 0.74677217526 1
0.4208 0.75102918912 1
0.4307 0.75528620298 1
0.4406 0.75954321684 1
0.4505 0.7638002307 1
0.4604 0.76805724456 1
0.4703 0.77231425842 1
0.4802 0.77657127228 1
0.4901 0.78082828614 1
0.5 0.7850853 1
0.5099 0.78934231386 1
0.5198 0.79359932772 1
0.5297 0.79785634158 1
0.5396 0.80211335544 1
0.5495 0.8063703693 1
0.5594 0.81062738316 1
0.5693 0.81488439702 1
0.5792 0.81914141088 1
0.5891 0.82339842474 1
0.599 0.8276554386 1
0.6089 0.83191245246 1
0.6188 0.83616946632 1
0.6287 0.84042648018 1
0.6386 0.84468349404 1
0.6485 0.8489405079 1
0.6584 0.85319752176 1
0.6683 0.85745453562 1
0.6782 0.86171154948 1
0.6881 0.86596856334 1
0.698 0.8702255772 1
0.7079 0.87448259106 1
0.7178 0.87873960492 1
0.7277 0.88299661878 1
0.7376 0.88725363264 1
0.7475 0.8915106465 1
0.7574 0.89576766036 1
0.7673 0.90002467422 1
0.7772 0.90428168808 1
0.7871 0.90853870194 1
0.797 0.9127957158 1
0.8069 0.91705272966 1
0.8168 0.92130974352 1
0.8267 0.92556675738 1
0.8366 0.92982377124 1
0.8465 0.9340807851 1
0.8564 0.93833779896 1
0.8663 0.94259481282 1
0.8762 0.94685182668 1
0.8861 0.95110884054 1
0.896 0.9553658544 1
0.9059 0.95962286826 1
0.9158 0.96387988212 1
0.9257 0.96813689598 1
0.9356 0.97239390984 1
0.9455 0.9766509237 1
0.9554 0.98090793756 1
0.9653 0.98516495142 1
0.9752 0.98942196528 1
0.9851 0.99367897914 1
0.995 0.997935993 1
0.005 0.582182408 1
0.0149 0.58634042384 1
0.0248 0.59049843968 1
0.0347 0.59465645552 1
0.0446 0.59881447136 1
0.0545 0.6029724872 1
0.0644 0.60713050304 1
0.0743 0.61128851888 1
0.0842 0.61544653472 1
0.0941 0.61960455056 1
0.104 0.6237625664 1
0.1139 0.62792058224 1
0.1238 0.63207859808 1
0.1337 0.63623661392 1
0.1436 0.64039462976 1
0.1535 0.6445526456 1
0.1634 0.64871066144 1
0.1733 0.65286867728 1
0.1832 0.65702669312 1
0.1931 0.66118470896 1
0.203 0.6653427248 1
0.2129 0.66950074064 1
0.2228 0.67365875648 1
0.2327 0.67781677232 1
0.2426 0.68197478816 1
0.2525 0.686132804 1
0.2624 0.69029081984 1
0.2723 0.69444883568 1
0.2822 0.69860685152 1
0.2921 0.70276486736 1
0.302 0.7069228832 1
0.3119 0.71108089904 1
0.3218 0.71523891488 1
0.3317 0.71939693072 1
0.3416 0.72355494656 1
0.3515 0.7277129624 1
0.3614 0.73187097824 1
0.3713 0.73602899408 1
0.3812 0.74018700992 1
0.3911 0.74434502576 1
0.401 0.7485030416 1
0.4109 0.75266105744 1
0.4208 0.75681907328 1
0.4307 0.76097708912 1
0.4406 0.76513510496 1
0.4505 0.7692931208 1
0.4604 0.77345113664 1
0.4703 0.77760915248 1
0.4802 0.78176716832 1
0.4901 0.78592518416 1
0.5 0.7900832 1
0.5099 0.79424121584 1
0.5198 0.79839923168 1
0.5297 0.80255724752 1
0.5396 0.80671526336 1
0.5495 0.8108732792 1
0.5594 0.81503129504 1
0.5693 0.81918931088 1
0.5792 0.82334732672 1
0.5891 0.82750534256 1
0.599 0.8316633584 1
0.6089 0.83582137424 1
0.6188 0.83997939008 1
0.6287 0.84413740592 1
0.6386 0.84829542176 1
0.6485 0.8524534376 1
0.6584 0.85661145344 1
0.6683 0.86076946928 1
0.6782 0.86492748512 1
0.6881 0.86908550096 1
0.698 0.8732435168 1
0.7079 0.87740153264 1
0.7178 0.88155954848 1
0.7277 0.88571756432 1
0.7376 0.88987558016 1
0.7475 0.894033596 1
0.7574 0.89819161184 1
0.7673 0.90234962768 1
0.7772 0.90650764352 1
0.7871 0.91066565936 1
0.797 0.9148236752 1
0.8069 0.91898169104 1
0.8168 0.92313970688 1
0.8267 0.92729772272 1
0.8366 0.93145573856 1
0.8465 0.9356137544 1
0.8564 0.93977177024 1
0.8663 0.94392978608 1
0.8762 0.94808780192 1
0.8861 0.95224581776 1
0.896 0.9564038336 1
0.9059 0.96056184944 1
0.9158 0.96471986528 1
0.9257 0.96887788112 1
0.9356 0.97303589696 1
0.9455 0.9771939128 1
0.9554 0.98135192864 1
0.9653 0.98550994448 1
0.9752 0.98966796032 1
0.9851 0.99382597616 1
0.995 0.997983992 1
0.005 0.592130209 1
0.0149 0.59618922682 1
0.0248 0.60024824464 1
0.0347 0.60430726246 1
0.0446 0.60836628028 1
0.0545 0.6124252981 1
0.0644 0.61648431592 1
0.0743 0.62054333374 1
0.0842 0.62460235156 1
0.0941 0.62866136938 1
0.104 0.6327203872 1
0.1139 0.63677940502 1
0.1238 0.64083842284 1
0.1337 0.64489744066 1
0.1436 0.64895645848 1
0.1535 0.6530154763 1
0.1634 0.65707449412 1
0.1733 0.66113351194 1
0.1832 0.66519252976 1
0.1931 0.66925154758 1
0.203 0.6733105654 1
0.2129 0.67736958322 1
0.2228 0.68142860104 1
0.2327 0.68548761886 1
0.2426 0.68954663668 1
0.2525 0.6936056545 1
0.2624 0.69766467232 1
0.2723 0.70172369014 1
0.2822 0.70578270796 1
0.2921 0.70984172578 1
0.302 0.7139007436 1
0.3119 0.71795976142 1
0.3218 0.72201877924 1
0.3317 0.72607779706 1
0.3416 0.73013681488 1
0.3515 0.7341958327 1
0.3614 0.73825485052 1
0.3713 0.74231386834 1
0.3812 0.74637288616 1
0.3911 0.75043190398 1
0.401 0.7544909218 1
0.4109 0.75854993962 1
0.4208 0.76260895744 1
0.4307 0.76666797526 1
0.4406 0.77072699308 1
0.4505 0.7747860109 1
0.4604 0.77884502872 1
0.4703 0.78290404654 1
0.4802 0.78696306436 1
0.4901 0.79102208218 1
0.5 0.7950811 1
0.5099 0.79914011782 1
0.5198 0.80319913564 1
0.5297 0.80725815346 1
0.5396 0.81131717128 1
0.5495 0.8153761891 1
0.5594 0.81943520692 1
0.5693 0.82349422474 1
0.5792 0.82755324256 1
0.5891 0.83161226038 1
0.599 0.8356712782 1
0.6089 0.83973029602 1
0.6188 0.84378931384 1
0.6287 0.84784833166 1
0.6386 0.85190734948 1
0.6485 0.8559663673 1
0.6584 0.86002538512 1
0.6683 0.86408440294 1
0.6782 0.86814342076 1
0.6881 0.87220243858 1
0.698 0.8762614564 1
0.7079 0.88032047422 1
0.7178 0.88437949204 1
0.7277 0.88843850986 1
0.7376 0.89249752768 1
0.7475 0.8965565455 1
0.7574 0.90061556332 1
0.7673 0.90467458114 1
0.7772 0.90873359896 1
0.7871 0.91279261678 1
0.797 0.9168516346 1
0.8069 0.92091065242 1
0.8168 0.92496967024 1
0.8267 0.92902868806 1
0.8366 0.93308770588 1
0.8465 0.9371467237 1
0.8564 0.94120574152 1
0.8663 0.94526475934 1
0.8762 0.94932377716 1
0.8861 0.95338279498 1
0.896 0.9574418128 1
0.9059 0.96150083062 1
0.9158 0.96555984844 1
0.9257 0.96961886626 1
0.9356 0.97367788408 1
0.9455 0.9777369019 1
0.9554 0.98179591972 1
0.9653 0.98585493754 1
0.9752 0.98991395536 1
0.9851 0.99397297318 1
0.995 0.998031991 1
0.005 0.60207801 1
0.0149 0.6060380298 1
0.0248 0.6099980496 1
0.0347 0.6139580694 1
0.0446 0.6179180892 1
0.0545 0.621878109 1
0.0644 0.6258381288 1
0.0743 0.6297981486 1
0.0842 0.6337581684 1
0.0941 0.6377181882 1
0.104 0.641678208 1
0.1139 0.6456382278 1
0.1238 0.6495982476 1
0.1337 0.6535582674 1
0.1436 0.6575182872 1
0.1535 0.661478307 1
0.1634 0.6654383268 1
0.1733 0.6693983466 1
0.1832 0.6733583664 1
0.1931 0.6773183862 1
0.203 0.681278406 1
0.2129 0.6852384258 1
0.2228 0.6891984456 1
0.2327 0.6931584654 1
0.2426 0.6971184852 1
0.2525 0.701078505 1
0.2624 0.7050385248 1
0.2723 0.7089985446 1
0.2822 0.7129585644 1
0.2921 0.7169185842 1
0.302 0.720878604 1
0.3119 0.7248386238 1
0.3218 0.7287986436 1
0.3317 0.7327586634 1
0.3416 0.7367186832 1
0.3515 0.740678703 1
0.3614 0.7446387228 1
0.3713 0.7485987426 1
0.3812 0.7525587624 1
0.3911 0.7565187822 1
0.401 0.760478802 1
0.4109 0.7644388218 1
0.4208 0.7683988416 1
0.4307 0.7723588614 1
0.4406 0.7763188812 1
0.4505 0.780278901 1
0.4604 0.7842389208 1
0.4703 0.7881989406 1
0.4802 0.7921589604 1
0.4901 0.7961189802 1
0.5 0.800079 1
0.5099 0.8040390198 1
0.5198 0.8079990396 1
0.5297 0.8119590594 1
0.5396 0.8159190792 1
0.5495 0.819879099 1
0.5594 0.8238391188 1
0.5693 0.8277991386 1
0.5792 0.8317591584 1
0.5891 0.8357191782 1
0.599 0.839679198 1
0.6089 0.8436392178 1
0.6188 0.8475992376 1
0.6287 0.8515592574 1
0.6386 0.8555192772 1
0.6485 0.859479297 1
0.6584 0.8634393168 1
0.6683 0.8673993366 1
0.6782 0.8713593564 1
0.6881 0.8753193762 1
0.698 0.879279396 1
0.7079 0.8832394158 1
0.7178 0.8871994356 1
0.7277 0.8911594554 1
0.7376 0.8951194752 1
0.7475 0.899079495 1
0.7574 0.9030395148 1
0.7673 0.9069995346 1
0.7772 0.9109595544 1
0.7871 0.9149195742 1
0.797 0.918879594 1
0.8069 0.9228396138 1
0.8168 0.9267996336 1
0.8267 0.9307596534 1
0.8366 0.9347196732 1
0.8465 0.938679693 1
0.8564 0.9426397128 1
0.8663 0.9465997326 1
0.8762 0.9505597524 1
0.8861 0.9545197722 1
0.896 0.958479792 1
0.9059 0.9624398118 1
0.9158 0.9663998316 1
0.9257 0.9703598514 1
0.9356 0.9743198712 1
0.9455 0.978279891 1
0.9554 0.9822399108 1
0.9653 0.9861999306 1
0.9752 0.9901599504 1
0.9851 0.9941199702 1
0.995 0.99807999 1
0.005 0.612025811 1
0.0149 0.61588683278 1
0.0248 0.61974785456 1
0.0347 0.62360887634 1
0.0446 0.62746989812 1
0.0545 0.6313309199 1
0.0644 0.63519194168 1
0.0743 0.63905296346 1
0.0842 0.64291398524 1
0.0941 0.64677500702 1
0.104 0.6506360288 1
0.1139 0.65449705058 1
0.1238 0.65835807236 1
0.1337 0.66221909414 1
0.1436 0.66608011592 1
0.1535 0.6699411377 1
0.1634 0.67380215948 1
0.1733 0.67766318126 1
0.1832 0.68152420304 1
0.1931 0.68538522482 1
0.203 0.6892462466 1
0.2129 0.69310726838 1
0.2228 0.69696829016 1
0.2327 0.70082931194 1
0.2426 0.70469033372 1
0.2525 0.7085513555 1
0.2624 0.71241237728 1
0.2723 0.71627339906 1
0.2822 0.72013442084 1
0.2921 0.72399544262 1
0.302 0.7278564644 1
0.3119 0.73171748618 1
0.3218 0.73557850796 1
0.3317 0.73943952974 1
0.3416 0.74330055152 1
0.3515 0.7471615733 1
0.3614 0.75102259508 1
0.3713 0.75488361686 1
0.3812 0.75874463864 1
0.3911 0.76260566042 1
0.401 0.7664666822 1
0.4109 0.77032770398 1
0.4208 0.77418872576 1
0.4307 0.77804974754 1
0.4406 0.78191076932 1
0.4505 0.7857717911 1
0.4604 0.78963281288 1
0.4703 0.79349383466 1
0.4802 0.79735485644 1
0.4901 0.80121587822 1
0.5 0.8050769 1
0.5099 0.80893792178 1
0.5198 0.81279894356 1
0.5297 0.81665996534 1
0.5396 0.82052098712 1
0.5495 0.8243820089 1
0.5594 0.82824303068 1
0.5693 0.83210405246 1
0.5792 0.83596507424 1
0.5891 0.83982609602 1
0.599 0.8436871178 1
0.6089 0.84754813958 1
0.6188 0.85140916136 1
0.6287 0.85527018314 1
0.6386 0.85913120492 1
0.6485 0.8629922267 1
0.6584 0.86685324848 1
0.6683 0.87071427026 1
0.6782 0.87457529204 1
0.6881 0.87843631382 1
0.698 0.8822973356 1
0.7079 0.88615835738 1
0.7178 0.89001937916 1
0.7277 0.89388040094 1
0.7376 0.89774142272 1
0.7475 0.9016024445 1
0.7574 0.90546346628 1
0.7673 0.90932448806 1
0.7772 0.91318550984 1
0.7871 0.91704653162 1
0.797 0.9209075534 1
0.8069 0.92476857518 1
0.8168 0.92862959696 1
0.8267 0.93249061874 1
0.8366 0.93635164052 1
0.8465 0.9402126623 1
0.8564 0.94407368408 1
0.8663 0.94793470586 1
0.8762 0.95179572764 1
0.8861 0.95565674942 1
0.896 0.9595177712 1
0.9059 0.96337879298 1
0.9158 0.96723981476 1
0.9257 0.97110083654 1
0.9356 0.97496185832 1
0.9455 0.9788228801 1
0.9554 0.98268390188 1
0.9653 0.98654492366 1
0.9752 0.99040594544 1
0.9851 0.99426696722 1
0.995 0.998127989 1
0.005 0.621973612 1
0.0149 0.62573563576 1
0.0248 0.62949765952 1
0.0347 0.63325968328 1
0.0446 0.63702170704 1
0.0545 0.6407837308 1
0.0644 0.64454575456 1
0.0743 0.64830777832 1
0.0842 0.65206980208 1
0.0941 0.65583182584 1
0.104 0.6595938496 1
0.1139 0.66335587336 1
0.1238 0.66711789712 1
0.1337 0.67087992088 1
0.1436 0.67464194464 1
0.1535 0.6784039684 1
0.1634 0.68216599216 1
0.1733 0.68592801592 1
0.1832 0.68969003968 1
0.1931 0.69345206344 1
0.203 0.6972140872 1
0.2129 0.70097611096 1
0.2228 0.70473813472 1
0.2327 0.70850015848 1
0.2426 0.71226218224 1
0.2525 0.716024206 1
0.2624 0.71978622976 1
0.2723 0.72354825352 1
0.2822 0.72731027728 1
0.2921 0.73107230104 1
0.302 0.7348343248 1
0.3119 0.73859634856 1
0.3218 0.74235837232 1
0.3317 0.74612039608 1
0.3416 0.74988241984 1
0.3515 0.7536444436 1
0.3614 0.75740646736 1
0.3713 0.76116849112 1
0.3812 0.76493051488 1
0.3911 0.76869253864 1
0.401 0.7724545624 1
0.4109 0.77621658616 1
0.4208 0.77997860992 1
0.4307 0.78374063368 1
0.4406 0.78750265744 1
0.4505 0.7912646812 1
0.4604 0.79502670496 1
0.4703 0.79878872872 1
0.4802 0.80255075248 1
0.4901 0.80631277624 1
0.5 0.8100748 1
0.5099 0.81383682376 1
0.5198 0.81759884752 1
0.5297 0.82136087128 1
0.5396 0.82512289504 1
0.5495 0.8288849188 1
0.5594 0.83264694256 1
0.5693 0.83640896632 1
0.5792 0.84017099008 1
0.5891 0.84393301384 1
0.599 0.8476950376 1
0.6089 0.85145706136 1
0.6188 0.85521908512 1
0.6287 0.85898110888 1
0.6386 0.86274313264 1
0.6485 0.8665051564 1
0.6584 0.87026718016 1
0.6683 0.87402920392 1
0.6782 0.87779122768 1
0.6881 0.88155325144 1
0.698 0.8853152752 1
0.7079 0.88907729896 1
0.7178 0.89283932272 1
0.7277 0.89660134648 1
0.7376 0.90036337024 1
0.7475 0.904125394 1
0.7574 0.90788741776 1
0.7673 0.91164944152 1
0.7772 0.91541146528 1
0.7871 0.91917348904 1
0.797 0.9229355128 1
0.8069 0.92669753656 1
0.8168 0.93045956032 1
0.8267 0.93422158408 1
0.8366 0.93798360784 1
0.8465 0.9417456316 1
0.8564 0.94550765536 1
0.8663 0.94926967912 1
0.8762 0.95303170288 1
0.8861 0.95679372664 1
0.896 0.9605557504 1
0.9059 0.96431777416 1
0.9158 0.96807979792 1
0.9257 0.97184182168 1
0.9356 0.97560384544 1
0.9455 0.9793658692 1
0.9554 0.98312789296 1
0.9653 0.98688991672 1
0.9752 0.99065194048 1
0.9851 0.99441396424 1
0.995 0.998175988 1
0.005 0.631921413 1
0.0149 0.63558443874 1
0.0248 0.63924746448 1
0.0347 0.64291049022 1
0.0446 0.64657351596 1
0.0545 0.6502365417 1
0.0644 0.65389956744 1
0.0743 0.65756259318 1
0.0842 0.66122561892 1
0.0941 0.66488864466 1
0.104 0.6685516704 1
0.1139 0.67221469614 1
0.1238 0.67587772188 1
0.1337 0.67954074762 1
0.1436 0.68320377336 1
0.1535 0.6868667991 1
0.1634 0.69052982484 1
0.1733 0.69419285058 1
0.1832 0.69785587632 1
0.1931 0.70151890206 1
0.203 0.7051819278 1
0.2129 0.70884495354 1
0.2228 0.71250797928 1
0.2327 0.71617100502 1
0.2426 0.71983403076 1
0.2525 0.7234970565 1
0.2624 0.72716008224 1
0.2723 0.73082310798 1
0.2822 0.73448613372 1
0.2921 0.73814915946 1
0.302 0.7418121852 1
0.3119 0.74547521094 1
0.3218 0.74913823668 1
0.3317 0.75280126242 1
0.3416 0.75646428816 1
0.3515 0.7601273139 1
0.3614 0.76379033964 1
0.3713 0.76745336538 1
0.3812 0.77111639112 1
0.3911 0.77477941686 1
0.401 0.7784424426 1
0.4109 0.78210546834 1
0.4208 0.78576849408 1
0.4307 0.78943151982 1
0.4406 0.79309454556 1
0.4505 0.7967575713 1
0.4604 0.80042059704 1
0.4703 0.80408362278 1
0.4802 0.80774664852 1
0.4901 0.81140967426 1
0.5 0.8150727 1
0.5099 0.81873572574 1
0.5198 0.82239875148 1
0.5297 0.82606177722 1
0.5396 0.82972480296 1
0.5495 0.8333878287 1
0.5594 0.83705085444 1
0.5693 0.84071388018 1
0.5792 0.84437690592 1
0.5891 0.84803993166 1
0.599 0.8517029574 1
0.6089 0.85536598314 1
0.6188 0.85902900888 1
0.6287 0.86269203462 1
0.6386 0.86635506036 1
0.6485 0.8700180861 1
0.6584 0.87368111184 1
0.6683 0.87734413758 1
0.6782 0.88100716332 1
0.6881 0.88467018906 1
0.698 0.8883332148 1
0.7079 0.89199624054 1
0.7178 0.89565926628 1
0.7277 0.89932229202 1
0.7376 0.90298531776 1
0.7475 0.9066483435 1
0.7574 0.91031136924 1
0.7673 0.91397439498 1
0.7772 0.91763742072 1
0.7871 0.92130044646 1
0.797 0.9249634722 1
0.8069 0.92862649794 1
0.8168 0.93228952368 1
0.8267 0.93595254942 1
0.8366 0.93961557516 1
0.8465 0.9432786009 1
0.8564 0.94694162664 1
0.8663 0.95060465238 1
0.8762 0.95426767812 1
0.8861 0.95793070386 1
0.896 0.9615937296 1
0.9059 0.96525675534 1
0.9158 0.96891978108 1
0.9257 0.97258280682 1
0.9356 0.97624583256 1
0.9455 0.9799088583 1
0.9554 0.98357188404 1
0.9653 0.98723490978 1
0.9752 0.99089793552 1
0.9851 0.99456096126 1
0.995 0.998223987 1
0.005 0.641869214 1
0.0149 0.64543324172 1
0.0248 0.64899726944 1
0.0347 0.65256129716 1
0.0446 0.65612532488 1
0.0545 0.6596893526 1
0.0644 0.66325338032 1
0.0743 0.66681740804 1
0.0842 0.67038143576 1
0.0941 0.67394546348 1
0.104 0.6775094912 1
0.1139 0.68107351892 1
0.1238 0.68463754664 1
0.1337 0.68820157436 1
0.1436 0.69176560208 1
0.1535 0.6953296298 1
0.1634 0.69889365752 1
0.1733 0.70245768524 1
0.1832 0.70602171296 1
0.1931 0.70958574068 1
0.203 0.7131497684 1
0.2129 0.71671379612 1
0.2228 0.72027782384 1
0.2327 0.72384185156 1
0.2426 0.72740587928 1
0.2525 0.730969907 1
0.2624 0.73453393472 1
0.2723 0.73809796244 1
0.2822 0.74166199016 1
0.2921 0.74522601788 1
0.302 0.7487900456 1
0.3119 0.75235407332 1
0.3218 0.75591810104 1
0.3317 0.75948212876 1
0.3416 0.76304615648 1
0.3515 0.7666101842 1
0.3614 0.77017421192 1
0.3713 0.77373823964 1
0.3812 0.77730226736 1
0.3911 0.78086629508 1
0.401 0.7844303228 1
0.4109 0.78799435052 1
0.4208 0.79155837824 1
0.4307 0.79512240596 1
0.4406 0.79868643368 1
0.4505 0.8022504614 1
0.4604 0.80581448912 1
0.4703 0.80937851684 1
0.4802 0.81294254456 1
0.4901 0.81650657228 1
0.5 0.8200706 1
0.5099 0.82363462772 1
0.5198 0.82719865544 1
0.5297 0.83076268316 1
0.5396 0.83432671088 1
0.5495 0.8378907386 1
0.5594 0.84145476632 1
0.5693 0.84501879404 1
0.5792 0.84858282176 1
0.5891 0.85214684948 1
0.599 0.8557108772 1
0.6089 0.85927490492 1
0.6188 0.86283893264 1
0.6287 0.86640296036 1
0.6386 0.86996698808 1
0.6485 0.8735310158 1
0.6584 0.87709504352 1
0.6683 0.88065907124 1
0.6782 0.88422309896 1
0.6881 0.88778712668 1
0.698 0.8913511544 1
0.7079 0.89491518212 1
0.7178 0.89847920984 1
0.7277 0.90204323756 1
0.7376 0.90560726528 1
0.7475 0.909171293 1
0.7574 0.91273532072 1
0.7673 0.91629934844 1
0.7772 0.91986337616 1
0.7871 0.92342740388 1
0.797 0.9269914316 1
0.8069 0.93055545932 1
0.8168 0.93411948704 1
0.8267 0.93768351476 1
0.8366 0.94124754248 1
0.8465 0.9448115702 1
0.8564 0.94837559792 1
0.8663 0.95193962564 1
0.8762 0.95550365336 1
0.8861 0.95906768108 1
0.896 0.9626317088 1
0.9059 0.96619573652 1
0.9158 0.96975976424 1
0.9257 0.97332379196 1
0.9356 0.97688781968 1
0.9455 0.9804518474 1
0.9554 0.98401587512 1
0.9653 0.98757990284 1
0.9752 0.99114393056 1
0.9851 0.99470795828 1
0.995 0.998271986 1
0.005 0.651817015 1
0.0149 0.6552820447 1
0.0248 0.6587470744 1
0.0347 0.6622121041 1
0.0446 0.6656771338 1
0.0545 0.6691421635 1
0.0644 0.6726071932 1
0.0743 0.6760722229 1
0.0842 0.6795372526 1
0.0941 0.6830022823 1
0.104 0.686467312 1
0.1139 0.6899323417 1
0.1238 0.6933973714 1
0.1337 0.6968624011 1
0.1436 0.7003274308 1
0.1535 0.7037924605 1
0.1634 0.7072574902 1
0.1733 0.7107225199 1
0.1832 0.7141875496 1
0.1931 0.7176525793 1
0.203 0.721117609 1
0.2129 0.7245826387 1
0.2228 0.7280476684 1
0.2327 0.7315126981 1
0.2426 0.7349777278 1
0.2525 0.7384427575 1
0.2624 0.7419077872 1
0.2723 0.7453728169 1
0.2822 0.7488378466 1
0.2921 0.7523028763 1
0.302 0.755767906 1
0.3119 0.7592329357 1
0.3218 0.7626979654 1
0.3317 0.7661629951 1
0.3416 0.7696280248 1
0.3515 0.7730930545 1
0.3614 0.7765580842 1
0.3713 0.7800231139 1
0.3812 0.7834881436 1
0.3911 0.7869531733 1
0.401 0.790418203 1
0.4109 0.7938832327 1
0.4208 0.7973482624 1
0.4307 0.8008132921 1
0.4406 0.8042783218 1
0.4505 0.8077433515 1
0.4604 0.8112083812 1
0.4703 0.8146734109 1
0.4802 0.8181384406 1
0.4901 0.8216034703 1
0.5 0.8250685 1
0.5099 0.8285335297 1
0.5198 0.8319985594 1
0.5297 0.8354635891 1
0.5396 0.8389286188 1
0.5495 0.8423936485 1
0.5594 0.8458586782 1
0.5693 0.8493237079 1
0.5792 0.8527887376 1
0.5891 0.8562537673 1
0.599 0.859718797 1
0.6089 0.8631838267 1
0.6188 0.8666488564 1
0.6287 0.8701138861 1
0.6386 0.8735789158 1
0.6485 0.8770439455 1
0.6584 0.8805089752 1
0.6683 0.8839740049 1
0.6782 0.8874390346 1
0.6881 0.8909040643 1
0.698 0.894369094 1
0.7079 0.8978341237 1
0.7178 0.9012991534 1
0.7277 0.9047641831 1
0.7376 0.9082292128 1
0.7475 0.9116942425 1
0.7574 0.9151592722 1
0.7673 0.9186243019 1
0.7772 0.9220893316 1
0.7871 0.9255543613 1
0.797 0.929019391 1
0.8069 0.9324844207 1
0.8168 0.9359494504 1
0.8267 0.9394144801 1
0.8366 0.9428795098 1
0.8465 0.9463445395 1
0.8564 0.9498095692 1
0.8663 0.9532745989 1
0.8762 0.9567396286 1
0.8861 0.9602046583 1
0.896 0.963669688 1
0.9059 0.9671347177 1
0.9158 0.9705997474 1
0.9257 0.9740647771 1
0.9356 0.9775298068 1
0.9455 0.9809948365 1
0.9554 0.9844598662 1
0.9653 0.9879248959 1
0.9752 0.9913899256 1
0.9851 0.9948549553 1
0.995 0.998319985 1
0.005 0.661764816 1
0.0149 0.66513084768 1
0.0248 0.66849687936 1
0.0347 0.67186291104 1
0.0446 0.67522894272 1
0.0545 0.6785949744 1
0.0644 0.68196100608 1
0.0743 0.68532703776 1
0.0842 0.68869306944 1
0.0941 0.69205910112 1
0.104 0.6954251328 1
0.1139 0.69879116448 1
0.1238 0.70215719616 1
0.1337 0.70552322784 1
0.1436 0.70888925952 1
0.1535 0.7122552912 1
0.1634 0.71562132288 1
0.1733 0.71898735456 1
0.1832 0.72235338624 1
0.1931 0.72571941792 1
0.203 0.7290854496 1
0.2129 0.73245148128 1
0.2228 0.73581751296 1
0.2327 0.73918354464 1
0.2426 0.74254957632 1
0.2525 0.745915608 1
0.2624 0.74928163968 1
0.2723 0.75264767136 1
0.2822 0.75601370304 1
0.2921 0.75937973472 1
0.302 0.7627457664 1
0.3119 0.76611179808 1
0.3218 0.76947782976 1
0.3317 0.77284386144 1
0.3416 0.77620989312 1
0.3515 0.7795759248 1
0.3614 0.78294195648 1
0.3713 0.78630798816 1
0.3812 0.78967401984 1
0.3911 0.79304005152 1
0.401 0.7964060832 1
0.4109 0.79977211488 1
0.4208 0.80313814656 1
0.4307 0.80650417824 1
0.4406 0.80987020992 1
0.4505 0.8132362416 1
0.4604 0.81660227328 1
0.4703 0.81996830496 1
0.4802 0.82333433664 1
0.4901 0.82670036832 1
0.5 0.8300664 1
0.5099 0.83343243168 1
0.5198 0.83679846336 1
0.5297 0.84016449504 1
0.5396 0.84353052672 1
0.5495 0.8468965584 1
0.5594 0.85026259008 1
0.5693 0.85362862176 1
0.5792 0.85699465344 1
0.5891 0.86036068512 1
0.599 0.8637267168 1
0.6089 0.86709274848 1
0.6188 0.87045878016 1
0.6287 0.87382481184 1
0.6386 0.87719084352 1
0.6485 0.8805568752 1
0.6584 0.88392290688 1
0.6683 0.88728893856 1
0.6782 0.89065497024 1
0.6881 0.89402100192 1
0.698 0.8973870336 1
0.7079 0.90075306528 1
0.7178 0.90411909696 1
0.7277 0.90748512864 1
0.7376 0.91085116032 1
0.7475 0.914217192 1
0.7574 0.91758322368 1
0.7673 0.92094925536 1
0.7772 0.92431528704 1
0.7871 0.92768131872 1
0.797 0.9310473504 1
0.8069 0.93441338208 1
0.8168 0.93777941376 1
0.8267 0.94114544544 1
0.8366 0.94451147712 1
0.8465 0.9478775088 1
0.8564 0.95124354048 1
0.8663 0.95460957216 1
0.8762 0.95797560384 1
0.8861 0.96134163552 1
0.896 0.9647076672 1
0.9059 0.96807369888 1
0.9158 0.97143973056 1
0.9257 0.97480576224 1
0.9356 0.97817179392 1
0.9455 0.9815378256 1
0.9554 0.98490385728 1
0.9653 0.98826988896 1
0.9752 0.99163592064 1
0.9851 0.99500195232 1
0.995 0.998367984 1
0.005 0.671712617 1
0.0149 0.67497965066 1
0.0248 0.67824668432 1
0.0347 0.68151371798 1
0.0446 0.68478075164 1
0.0545 0.6880477853 1
0.0644 0.69131481896 1
0.0743 0.69458185262 1
0.0842 0.69784888628 1
0.0941 0.70111591994 1
0.104 0.7043829536 1
0.1139 0.70764998726 1
0.1238 0.71091702092 1
0.1337 0.71418405458 1
0.1436 0.71745108824 1
0.1535 0.7207181219 1
0.1634 0.72398515556 1
0.1733 0.72725218922 1
0.1832 0.73051922288 1
0.1931 0.73378625654 1
0.203 0.7370532902 1
0.2129 0.74032032386 1
0.2228 0.74358735752 1
0.2327 0.74685439118 1
0.2426 0.75012142484 1
0.2525 0.7533884585 1
0.2624 0.75665549216 1
0.2723 0.75992252582 1
0.2822 0.76318955948 1
0.2921 0.76645659314 1
0.302 0.7697236268 1
0.3119 0.77299066046 1
0.3218 0.77625769412 1
0.3317 0.77952472778 1
0.3416 0.78279176144 1
0.3515 0.7860587951 1
0.3614 0.78932582876 1
0.3713 0.79259286242 1
0.3812 0.79585989608 1
0.3911 0.79912692974 1
0.401 0.8023939634 1
0.4109 0.80566099706 1
0.4208 0.80892803072 1
0.4307 0.81219506438 1
0.4406 0.81546209804 1
0.4505 0.8187291317 1
0.4604 0.82199616536 1
0.4703 0.82526319902 1
0.4802 0.82853023268 1
0.4901 0.83179726634 1
0.5 0.8350643 1
0.5099 0.83833133366 1
0.5198 0.84159836732 1
0.5297 0.84486540098 1
0.5396 0.84813243464 1
0.5495 0.8513994683 1
0.5594 0.85466650196 1
0.5693 0.85793353562 1
0.5792 0.86120056928 1
0.5891 0.86446760294 1
0.599 0.8677346366 1
0.6089 0.87100167026 1
0.6188 0.87426870392 1
0.6287 0.87753573758 1
0.6386 0.88080277124 1
0.6485 0.8840698049 1
0.6584 0.88733683856 1
0.6683 0.89060387222 1
0.6782 0.89387090588 1
0.6881 0.89713793954 1
0.698 0.9004049732 1
0.7079 0.90367200686 1
0.7178 0.90693904052 1
0.7277 0.91020607418 1
0.7376 0.91347310784 1
0.7475 0.9167401415 1
0.7574 0.92000717516 1
0.7673 0.92327420882 1
0.7772 0.92654124248 1
0.7871 0.92980827614 1
0.797 0.9330753098 1
0.8069 0.93634234346 1
0.8168 0.93960937712 1
0.8267 0.94287641078 1
0.8366 0.94614344444 1
0.8465 0.9494104781 1
0.8564 0.95267751176 1
0.8663 0.95594454542 1
0.8762 0.95921157908 1
0.8861 0.96247861274 1
0.896 0.9657456464 1
0.9059 0.96901268006 1
0.9158 0.97227971372 1
0.9257 0.97554674738 1
0.9356 0.97881378104 1
0.9455 0.9820808147 1
0.9554 0.98534784836 1
0.9653 0.98861488202 1
0.9752 0.99188191568 1
0.9851 0.99514894934 1
0.995 0.998415983 1
0.005 0.681660418 1
0.0149 0.68482845364 1
0.0248 0.68799648928 1
0.0347 0.69116452492 1
0.0446 0.69433256056 1
0.0545 0.6975005962 1
0.0644 0.70066863184 1
0.0743 0.70383666748 1
0.0842 0.70700470312 1
0.0941 0.71017273876 1
0.104 0.7133407744 1
0.1139 0.71650881004 1
0.1238 0.71967684568 1
0.1337 0.72284488132 1
0.1436 0.72601291696 1
0.1535 0.7291809526 1
0.1634 0.73234898824 1
0.1733 0.73551702388 1
0.1832 0.73868505952 1
0.1931 0.74185309516 1
0.203 0.7450211308 1
0.2129 0.74818916644 1
0.2228 0.75135720208 1
0.2327 0.75452523772 1
0.2426 0.75769327336 1
0.2525 0.760861309 1
0.2624 0.76402934464 1
0.2723 0.76719738028 1
0.2822 0.77036541592 1
0.2921 0.77353345156 1
0.302 0.7767014872 1
0.3119 0.77986952284 1
0.3218 0.78303755848 1
0.3317 0.78620559412 1
0.3416 0.78937362976 1
0.3515 0.7925416654 1
0.3614 0.79570970104 1
0.3713 0.79887773668 1
0.3812 0.80204577232 1
0.3911 0.80521380796 1
0.401 0.8083818436 1
0.4109 0.81154987924 1
0.4208 0.81471791488 1
0.4307 0.81788595052 1
0.4406 0.82105398616 1
0.4505 0.8242220218 1
0.4604 0.82739005744 1
0.4703 0.83055809308 1
0.4802 0.83372612872 1
0.4901 0.83689416436 1
0.5 0.8400622 1
0.5099 0.84323023564 1
0.5198 0.84639827128 1
0.5297 0.84956630692 1
0.5396 0.85273434256 1
0.5495 0.8559023782 1
0.5594 0.85907041384 1
0.5693 0.86223844948 1
0.5792 0.86540648512 1
0.5891 0.86857452076 1
0.599 0.8717425564 1
0.6089 0.87491059204 1
0.6188 0.87807862768 1
0.6287 0.88124666332 1
0.6386 0.88441469896 1
0.6485 0.8875827346 1
0.6584 0.89075077024 1
0.6683 0.89391880588 1
0.6782 0.89708684152 1
0.6881 0.90025487716 1
0.698 0.9034229128 1
0.7079 0.90659094844 1
0.7178 0.90975898408 1
0.7277 0.91292701972 1
0.7376 0.91609505536 1
0.7475 0.919263091 1
0.7574 0.92243112664 1
0.7673 0.92559916228 1
0.7772 0.92876719792 1
0.7871 0.93193523356 1
0.797 0.9351032692 1
0.8069 0.93827130484 1
0.8168 0.94143934048 1
0.8267 0.94460737612 1
0.8366 0.94777541176 1
0.8465 0.9509434474 1
0.8564 0.95411148304 1
0.8663 0.95727951868 1
0.8762 0.96044755432 1
0.8861 0.96361558996 1
0.896 0.9667836256 1
0.9059 0.96995166124 1
0.9158 0.97311969688 1
0.9257 0.97628773252 1
0.9356 0.97945576816 1
0.9455 0.9826238038 1
0.9554 0.98579183944 1
0.9653 0.98895987508 1
0.9752 0.99212791072 1
0.9851 0.99529594636 1
0.995 0.998463982 1
0.005 0.691608219 1
0.0149 0.69467725662 1
0.0248 0.69774629424 1
0.0347 0.70081533186 1
0.0446 0.70388436948 1
0.0545 0.7069534071 1
0.0644 0.71002244472 1
0.0743 0.71309148234 1
0.0842 0.71616051996 1
0.0941 0.71922955758 1
0.104 0.7222985952 1
0.1139 0.72536763282 1
0.1238 0.72843667044 1
0.1337 0.73150570806 1
0.1436 0.73457474568 1
0.1535 0.7376437833 1
0.1634 0.74071282092 1
0.1733 0.74378185854 1
0.1832 0.74685089616 1
0.1931 0.74991993378 1
0.203 0.7529889714 1
0.2129 0.75605800902 1
0.2228 0.75912704664 1
0.2327 0.76219608426 1
0.2426 0.76526512188 1
0.2525 0.7683341595 1
0.2624 0.77140319712 1
0.2723 0.77447223474 1
0.2822 0.77754127236 1
0.2921 0.78061030998 1
0.302 0.7836793476 1
0.3119 0.78674838522 1
0.3218 0.78981742284 1
0.3317 0.79288646046 1
0.3416 0.79595549808 1
0.3515 0.7990245357 1
0.3614 0.80209357332 1
0.3713 0.80516261094 1
0.3812 0.80823164856 1
0.3911 0.81130068618 1
0.401 0.8143697238 1
0.4109 0.81743876142 1
0.4208 0.82050779904 1
0.4307 0.82357683666 1
0.4406 0.82664587428 1
0.4505 0.8297149119 1
0.4604 0.83278394952 1
0.4703 0.83585298714 1
0.4802 0.83892202476 1
0.4901 0.84199106238 1
0.5 0.8450601 1
0.5099 0.84812913762 1
0.5198 0.85119817524 1
0.5297 0.85426721286 1
0.5396 0.85733625048 1
0.5495 0.8604052881 1
0.5594 0.86347432572 1
0.5693 0.86654336334 1
0.5792 0.86961240096 1
0.5891 0.87268143858 1
0.599 0.8757504762 1
0.6089 0.87881951382 1
0.6188 0.88188855144 1
0.6287 0.88495758906 1
0.6386 0.88802662668 1
0.6485 0.8910956643 1
0.6584 0.89416470192 1
0.6683 0.89723373954 1
0.6782 0.90030277716 1
0.6881 0.90337181478 1
0.698 0.9064408524 1
0.7079 0.90950989002 1
0.7178 0.91257892764 1
0.7277 0.91564796526 1
0.7376 0.91871700288 1
0.7475 0.9217860405 1
0.7574 0.92485507812 1
0.7673 0.92792411574 1
0.7772 0.93099315336 1
0.7871 0.93406219098 1
0.797 0.9371312286 1
0.8069 0.94020026622 1
0.8168 0.94326930384 1
0.8267 0.94633834146 1
0.8366 0.94940737908 1
0.8465 0.9524764167 1
0.8564 0.95554545432 1
0.8663 0.95861449194 1
0.8762 0.96168352956 1
0.8861 0.96475256718 1
0.896 0.9678216048 1
0.9059 0.97089064242 1
0.9158 0.97395968004 1
0.9257 0.97702871766 1
0.9356 0.98009775528 1
0.9455 0.9831667929 1
0.9554 0.98623583052 1
0.9653 0.98930486814 1
0.9752 0.99237390576 1
0.9851 0.99544294338 1
0.995 0.998511981 1
0.005 0.70155602 1
0.0149 0.7045260596 1
0.0248 0.7074960992 1
0.0347 0.7104661388 1
0.0446 0.7134361784 1
0.0545 0.716406218 1
0.0644 0.7193762576 1
0.0743 0.7223462972 1
0.0842 0.7253163368 1
0.0941 0.7282863764 1
0.104 0.731256416 1
0.1139 0.7342264556 1
0.1238 0.7371964952 1
0.1337 0.7401665348 1
0.1436 0.7431365744 1
0.1535 0.746106614 1
0.1634 0.7490766536 1
0.1733 0.7520466932 1
0.1832 0.7550167328 1
0.1931 0.7579867724 1
0.203 0.760956812 1
0.2129 0.7639268516 1
0.2228 0.7668968912 1
0.2327 0.7698669308 1
0.2426 0.7728369704 1
0.2525 0.77580701 1
0.2624 0.7787770496 1
0.2723 0.7817470892 1
0.2822 0.7847171288 1
0.2921 0.7876871684 1
0.302 0.790657208 1
0.3119 0.7936272476 1
0.3218 0.7965972872 1
0.3317 0.7995673268 1
0.3416 0.8025373664 1
0.3515 0.805507406 1
0.3614 0.8084774456 1
0.3713 0.8114474852 1
0.3812 0.8144175248 1
0.3911 0.8173875644 1
0.401 0.820357604 1
0.4109 0.8233276436 1
0.4208 0.8262976832 1
0.4307 0.8292677228 1
0.4406 0.8322377624 1
0.4505 0.835207802 1
0.4604 0.8381778416 1
0.4703 0.8411478812 1
0.4802 0.8441179208 1
0.4901 0.8470879604 1
0.5 0.850058 1
0.5099 0.8530280396 1
0.5198 0.8559980792 1
0.5297 0.8589681188 1
0.5396 0.8619381584 1
0.5495 0.864908198 1
0.5594 0.8678782376 1
0.5693 0.8708482772 1
0.5792 0.8738183168 1
0.5891 0.8767883564 1
0.599 0.879758396 1
0.6089 0.8827284356 1
0.6188 0.8856984752 1
0.6287 0.8886685148 1
0.6386 0.8916385544 1
0.6485 0.894608594 1
0.6584 0.8975786336 1
0.6683 0.9005486732 1
0.6782 0.9035187128 1
0.6881 0.9064887524 1
0.698 0.909458792 1
0.7079 0.9124288316 1
0.7178 0.9153988712 1
0.7277 0.9183689108 1
0.7376 0.9213389504 1
0.7475 0.92430899 1
0.7574 0.9272790296 1
0.7673 0.9302490692 1
0.7772 0.9332191088 1
0.7871 0.9361891484 1
0.797 0.939159188 1
0.8069 0.9421292276 1
0.8168 0.9450992672 1
0.8267 0.9480693068 1
0.8366 0.9510393464 1
0.8465 0.954009386 1
0.8564 0.9569794256 1
0.8663 0.9599494652 1
0.8762 0.9629195048 1
0.8861 0.9658895444 1
0.896 0.968859584 1
0.9059 0.9718296236 1
0.9158 0.9747996632 1
0.9257 0.9777697028 1
0.9356 0.9807397424 1
0.9455 0.983709782 1
0.9554 0.9866798216 1
0.9653 0.9896498612 1
0.9752 0.9926199008 1
0.9851 0.9955899404 1
0.995 0.99855998 1
0.005 0.711503821 1
0.0149 0.71437486258 1
0.0248 0.71724590416 1
0.0347 0.72011694574 1
0.0446 0.72298798732 1
0.0545 0.7258590289 1
0.0644 0.72873007048 1
0.0743 0.73160111206 1
0.0842 0.73447215364 1
0.0941 0.73734319522 1
0.104 0.7402142368 1
0.1139 0.74308527838 1
0.1238 0.74595631996 1
0.1337 0.74882736154 1
0.1436 0.75169840312 1
0.1535 0.7545694447 1
0.1634 0.75744048628 1
0.1733 0.76031152786 1
0.1832 0.76318256944 1
0.1931 0.76605361102 1
0.203 0.7689246526 1
0.2129 0.77179569418 1
0.2228 0.77466673576 1
0.2327 0.77753777734 1
0.2426 0.78040881892 1
0.2525 0.7832798605 1
0.2624 0.78615090208 1
0.2723 0.78902194366 1
0.2822 0.79189298524 1
0.2921 0.79476402682 1
0.302 0.7976350684 1
0.3119 0.80050610998 1
0.3218 0.80337715156 1
0.3317 0.80624819314 1
0.3416 0.80911923472 1
0.3515 0.8119902763 1
0.3614 0.81486131788 1
0.3713 0.81773235946 1
0.3812 0.82060340104 1
0.3911 0.82347444262 1
0.401 0.8263454842 1
0.4109 0.82921652578 1
0.4208 0.83208756736 1
0.4307 0.83495860894 1
0.4406 0.83782965052 1
0.4505 0.8407006921 1
0.4604 0.84357173368 1
0.4703 0.84644277526 1
0.4802 0.84931381684 1
0.4901 0.85218485842 1
0.5 0.8550559 1
0.5099 0.85792694158 1
0.5198 0.86079798316 1
0.5297 0.86366902474 1
0.5396 0.86654006632 1
0.5495 0.8694111079 1
0.5594 0.87228214948 1
0.5693 0.87515319106 1
0.5792 0.87802423264 1
0.5891 0.88089527422 1
0.599 0.8837663158 1
0.6089 0.88663735738 1
0.6188 0.88950839896 1
0.6287 0.89237944054 1
0.6386 0.89525048212 1
0.6485 0.8981215237 1
0.6584 0.90099256528 1
0.6683 0.90386360686 1
0.6782 0.90673464844 1
0.6881 0.90960569002 1
0.698 0.9124767316 1
0.7079 0.91534777318 1
0.7178 0.91821881476 1
0.7277 0.92108985634 1
0.7376 0.92396089792 1
0.7475 0.9268319395 1
0.7574 0.92970298108 1
0.7673 0.93257402266 1
0.7772 0.93544506424 1
0.7871 0.93831610582 1
0.797 0.9411871474 1
0.8069 0.94405818898 1
0.8168 0.94692923056 1
0.8267 0.94980027214 1
0.8366 0.95267131372 1
0.8465 0.9555423553 1
0.8564 0.95841339688 1
0.8663 0.96128443846 1
0.8762 0.96415548004 1
0.8861 0.96702652162 1
0.896 0.9698975632 1
0.9059 0.97276860478 1
0.9158 0.97563964636 1
0.9257 0.97851068794 1
0.9356 0.98138172952 1
0.9455 0.9842527711 1
0.9554 0.98712381268 1
0.9653 0.98999485426 1
0.9752 0.99286589584 1
0.9851 0.99573693742 1
0.995 0.998607979 1
0.005 0.721451622 1
0.0149 0.72422366556 1
0.0248 0.72699570912 1
0.0347 0.72976775268 1
0.0446 0.73253979624 1
0.0545 0.7353118398 1
0.0644 0.73808388336 1
0.0743 0.74085592692 1
0.0842 0.74362797048 1
0.0941 0.74640001404 1
0.104 0.7491720576 1
0.1139 0.75194410116 1
0.1238 0.75471614472 1
0.1337 0.75748818828 1
0.1436 0.76026023184 1
0.1535 0.7630322754 1
0.1634 0.76580431896 1
0.1733 0.76857636252 1
0.1832 0.77134840608 1
0.1931 0.77412044964 1
0.203 0.7768924932 1
0.2129 0.77966453676 1
0.2228 0.78243658032 1
0.2327 0.78520862388 1
0.2426 0.78798066744 1
0.2525 0.790752711 1
0.2624 0.79352475456 1
0.2723 0.79629679812 1
0.2822 0.79906884168 1
0.2921 0.80184088524 1
0.302 0.8046129288 1
0.3119 0.80738497236 1
0.3218 0.81015701592 1
0.3317 0.81292905948 1
0.3416 0.81570110304 1
0.3515 0.8184731466 1
0.3614 0.82124519016 1
0.3713 0.82401723372 1
0.3812 0.82678927728 1
0.3911 0.82956132084 1
0.401 0.8323333644 1
0.4109 0.83510540796 1
0.4208 0.83787745152 1
0.4307 0.84064949508 1
0.4406 0.84342153864 1
0.4505 0.8461935822 1
0.4604 0.84896562576 1
0.4703 0.85173766932 1
0.4802 0.85450971288 1
0.4901 0.85728175644 1
0.5 0.8600538 1
0.5099 0.86282584356 1
0.5198 0.86559788712 1
0.5297 0.86836993068 1
0.5396 0.87114197424 1
0.5495 0.8739140178 1
0.5594 0.87668606136 1
0.5693 0.87945810492 1
0.5792 0.88223014848 1
0.5891 0.88500219204 1
0.599 0.8877742356 1
0.6089 0.89054627916 1
0.6188 0.89331832272 1
0.6287 0.89609036628 1
0.6386 0.89886240984 1
0.6485 0.9016344534 1
0.6584 0.90440649696 1
0.6683 0.90717854052 1
0.6782 0.90995058408 1
0.6881 0.91272262764 1
0.698 0.9154946712 1
0.7079 0.91826671476 1
0.7178 0.92103875832 1
0.7277 0.92381080188 1
0.7376 0.92658284544 1
0.7475 0.929354889 1
0.7574 0.93212693256 1
0.7673 0.93489897612 1
0.7772 0.93767101968 1
0.7871 0.94044306324 1
0.797 0.9432151068 1
0.8069 0.94598715036 1
0.8168 0.94875919392 1
0.8267 0.95153123748 1
0.8366 0.95430328104 1
0.8465 0.9570753246 1
0.8564 0.95984736816 1
0.8663 0.96261941172 1
0.8762 0.96539145528 1
0.8861 0.96816349884 1
0.896 0.9709355424 1
0.9059 0.97370758596 1
0.9158 0.97647962952 1
0.9257 0.97925167308 1
0.9356 0.98202371664 1
0.9455 0.9847957602 1
0.9554 0.98756780376 1
0.9653 0.99033984732 1
0.9752 0.99311189088 1
0.9851 0.99588393444 1
0.995 0.998655978 1
0.005 0.731399423 1
0.0149 0.73407246854 1
0.0248 0.73674551408 1
0.0347 0.73941855962 1
0.0446 0.74209160516 1
0.0545 0.7447646507 1
0.0644 0.74743769624 1
0.0743 0.75011074178 1
0.0842 0.75278378732 1
0.0941 0.75545683286 1
0.104 0.7581298784 1
0.1139 0.76080292394 1
0.1238 0.76347596948 1
0.1337 0.76614901502 1
0.1436 0.76882206056 1
0.1535 0.7714951061 1
0.1634 0.77416815164 1
0.1733 0.77684119718 1
0.1832 0.77951424272 1
0.1931 0.78218728826 1
0.203 0.7848603338 1
0.2129 0.78753337934 1
0.2228 0.79020642488 1
0.2327 0.79287947042 1
0.2426 0.79555251596 1
0.2525 0.7982255615 1
0.2624 0.80089860704 1
0.2723 0.80357165258 1
0.2822 0.80624469812 1
0.2921 0.80891774366 1
0.302 0.8115907892 1
0.3119 0.81426383474 1
0.3218 0.81693688028 1
0.3317 0.81960992582 1
0.3416 0.82228297136 1
0.3515 0.8249560169 1
0.3614 0.82762906244 1
0.3713 0.83030210798 1
0.3812 0.83297515352 1
0.3911 0.83564819906 1
0.401 0.8383212446 1
0.4109 0.84099429014 1
0.4208 0.84366733568 1
0.4307 0.84634038122 1
0.4406 0.84901342676 1
0.4505 0.8516864723 1
0.4604 0.85435951784 1
0.4703 0.85703256338 1
0.4802 0.85970560892 1
0.4901 0.86237865446 1
0.5 0.8650517 1
0.5099 0.86772474554 1
0.5198 0.87039779108 1
0.5297 0.87307083662 1
0.5396 0.87574388216 1
0.5495 0.8784169277 1
0.5594 0.88108997324 1
0.5693 0.88376301878 1
0.5792 0.88643606432 1
0.5891 0.88910910986 1
0.599 0.8917821554 1
0.6089 0.89445520094 1
0.6188 0.89712824648 1
0.6287 0.89980129202 1
0.6386 0.90247433756 1
0.6485 0.9051473831 1
0.6584 0.90782042864 1
0.6683 0.91049347418 1
0.6782 0.91316651972 1
0.6881 0.91583956526 1
0.698 0.9185126108 1
0.7079 0.92118565634 1
0.7178 0.92385870188 1
0.7277 0.92653174742 1
0.7376 0.92920479296 1
0.7475 0.9318778385 1
0.7574 0.93455088404 1
0.7673 0.93722392958 1
0.7772 0.93989697512 1
0.7871 0.94257002066 1
0.797 0.9452430662 1
0.8069 0.94791611174 1
0.8168 0.95058915728 1
0.8267 0.95326220282 1
0.8366 0.95593524836 1
0.8465 0.9586082939 1
0.8564 0.96128133944 1
0.8663 0.96395438498 1
0.8762 0.96662743052 1
0.8861 0.96930047606 1
0.896 0.9719735216 1
0.9059 0.97464656714 1
0.9158 0.97731961268 1
0.9257 0.97999265822 1
0.9356 0.98266570376 1
0.9455 0.9853387493 1
0.9554 0.98801179484 1
0.9653 0.99068484038 1
0.9752 0.99335788592 1
0.9851 0.99603093146 1
0.995 0.998703977 1
0.005 0.741347224 1
0.0149 0.74392127152 1
0.0248 0.74649531904 1
0.0347 0.74906936656 1
0.0446 0.75164341408 1
0.0545 0.7542174616 1
0.0644 0.75679150912 1
0.0743 0.75936555664 1
0.0842 0.76193960416 1
0.0941 0.76451365168 1
0.104 0.7670876992 1
0.1139 0.76966174672 1
0.1238 0.77223579424 1
0.1337 0.77480984176 1
0.1436 0.77738388928 1
0.1535 0.7799579368 1
0.1634 0.78253198432 1
0.1733 0.78510603184 1
0.1832 0.78768007936 1
0.1931 0.79025412688 1
0.203 0.7928281744 1
0.2129 0.79540222192 1
0.2228 0.79797626944 1
0.2327 0.80055031696 1
0.2426 0.80312436448 1
0.2525 0.805698412 1
0.2624 0.80827245952 1
0.2723 0.81084650704 1
0.2822 0.81342055456 1
0.2921 0.81599460208 1
0.302 0.8185686496 1
0.3119 0.82114269712 1
0.3218 0.82371674464 1
0.3317 0.82629079216 1
0.3416 0.82886483968 1
0.3515 0.8314388872 1
0.3614 0.83401293472 1
0.3713 0.83658698224 1
0.3812 0.83916102976 1
0.3911 0.84173507728 1
0.401 0.8443091248 1
0.4109 0.84688317232 1
0.4208 0.84945721984 1
0.4307 0.85203126736 1
0.4406 0.85460531488 1
0.4505 0.8571793624 1
0.4604 0.85975340992 1
0.4703 0.86232745744 1
0.4802 0.86490150496 1
0.4901 0.86747555248 1
0.5 0.8700496 1
0.5099 0.87262364752 1
0.5198 0.87519769504 1
0.5297 0.87777174256 1
0.5396 0.88034579008 1
0.5495 0.8829198376 1
0.5594 0.88549388512 1
0.5693 0.88806793264 1
0.5792 0.89064198016 1
0.5891 0.89321602768 1
0.599 0.8957900752 1
0.6089 0.89836412272 1
0.6188 0.90093817024 1
0.6287 0.90351221776 1
0.6386 0.90608626528 1
0.6485 0.9086603128 1
0.6584 0.91123436032 1
0.6683 0.91380840784 1
0.6782 0.91638245536 1
0.6881 0.91895650288 1
0.698 0.9215305504 1
0.7079 0.92410459792 1
0.7178 0.92667864544 1
0.7277 0.92925269296 1
0.7376 0.93182674048 1
0.7475 0.934400788 1
0.7574 0.93697483552 1
0.7673 0.93954888304 1
0.7772 0.94212293056 1
0.7871 0.94469697808 1
0.797 0.9472710256 1
0.8069 0.94984507312 1
0.8168 0.95241912064 1
0.8267 0.95499316816 1
0.8366 0.95756721568 1
0.8465 0.9601412632 1
0.8564 0.96271531072 1
0.8663 0.96528935824 1
0.8762 0.96786340576 1
0.8861 0.97043745328 1
0.896 0.9730115008 1
0.9059 0.97558554832 1
0.9158 0.97815959584 1
0.9257 0.98073364336 1
0.9356 0.98330769088 1
0.9455 0.9858817384 1
0.9554 0.98845578592 1
0.9653 0.99102983344 1
0.9752 0.99360388096 1
0.9851 0.99617792848 1
0.995 0.998751976 1
0.005 0.751295025 1
0.0149 0.7537700745 1
0.0248 0.756245124 1
0.0347 0.7587201735 1
0.0446 0.761195223 1
0.0545 0.7636702725 1
0.0644 0.766145322 1
0.0743 0.7686203715 1
0.0842 0.771095421 1
0.0941 0.7735704705 1
0.104 0.77604552 1
0.1139 0.7785205695 1
0.1238 0.780995619 1
0.1337 0.7834706685 1
0.1436 0.785945718 1
0.1535 0.7884207675 1
0.1634 0.790895817 1
0.1733 0.7933708665 1
0.1832 0.795845916 1
0.1931 0.7983209655 1
0.203 0.800796015 1
0.2129 0.8032710645 1
0.2228 0.805746114 1
0.2327 0.8082211635 1
0.2426 0.810696213 1
0.2525 0.8131712625 1
0.2624 0.815646312 1
0.2723 0.8181213615 1
0.2822 0.820596411 1
0.2921 0.8230714605 1
0.302 0.82554651 1
0.3119 0.8280215595 1
0.3218 0.830496609 1
0.3317 0.8329716585 1
0.3416 0.835446708 1
0.3515 0.8379217575 1
0.3614 0.840396807 1
0.3713 0.8428718565 1
0.3812 0.845346906 1
0.3911 0.8478219555 1
0.401 0.850297005 1
0.4109 0.8527720545 1
0.4208 0.855247104 1
0.4307 0.8577221535 1
0.4406 0.860197203 1
0.4505 0.8626722525 1
0.4604 0.865147302 1
0.4703 0.8676223515 1
0.4802 0.870097401 1
0.4901 0.8725724505 1
0.5 0.8750475 1
0.5099 0.8775225495 1
0.5198 0.879997599 1
0.5297 0.8824726485 1
0.5396 0.884947698 1
0.5495 0.8874227475 1
0.5594 0.889897797 1
0.5693 0.8923728465 1
0.5792 0.894847896 1
0.5891 0.8973229455 1
0.599 0.899797995 1
0.6089 0.9022730445 1
0.6188 0.904748094 1
0.6287 0.9072231435 1
0.6386 0.909698193 1
0.6485 0.9121732425 1
0.6584 0.914648292 1
0.6683 0.9171233415 1
0.6782 0.919598391 1
0.6881 0.9220734405 1
0.698 0.92454849 1
0.7079 0.9270235395 1
0.7178 0.929498589 1
0.7277 0.9319736385 1
0.7376 0.934448688 1
0.7475 0.9369237375 1
0.7574 0.939398787 1
0.7673 0.9418738365 1
0.7772 0.944348886 1
0.7871 0.9468239355 1
0.797 0.949298985 1
0.8069 0.9517740345 1
0.8168 0.954249084 1
0.8267 0.9567241335 1
0.8366 0.959199183 1
0.8465 0.9616742325 1
0.8564 0.964149282 1
0.8663 0.9666243315 1
0.8762 0.969099381 1
0.8861 0.9715744305 1
0.896 0.97404948 1
0.9059 0.9765245295 1
0.9158 0.978999579 1
0.9257 0.9814746285 1
0.9356 0.983949678 1
0.9455 0.9864247275 1
0.9554 0.988899777 1
0.9653 0.9913748265 1
0.9752 0.993849876 1
0.9851 0.9963249255 1
0.995 0.998799975 1
0.005 0.761242826 1
0.0149 0.76361887748 1
0.0248 0.76599492896 1
0.0347 0.76837098044 1
0.0446 0.77074703192 1
0.0545 0.7731230834 1
0.0644 0.77549913488 1
0.0743 0.77787518636 1
0.0842 0.78025123784 1
0.0941 0.78262728932 1
0.104 0.7850033408 1
0.1139 0.78737939228 1
0.1238 0.78975544376 1
0.1337 0.79213149524 1
0.1436 0.79450754672 1
0.1535 0.7968835982 1
0.1634 0.79925964968 1
0.1733 0.80163570116 1
0.1832 0.80401175264 1
0.1931 0.80638780412 1
0.203 0.8087638556 1
0.2129 0.81113990708 1
0.2228 0.81351595856 1
0.2327 0.81589201004 1
0.2426 0.81826806152 1
0.2525 0.820644113 1
0.2624 0.82302016448 1
0.2723 0.82539621596 1
0.2822 0.82777226744 1
0.2921 0.83014831892 1
0.302 0.8325243704 1
0.3119 0.83490042188 1
0.3218 0.83727647336 1
0.3317 0.83965252484 1
0.3416 0.84202857632 1
0.3515 0.8444046278 1
0.3614 0.84678067928 1
0.3713 0.84915673076 1
0.3812 0.85153278224 1
0.3911 0.85390883372 1
0.401 0.8562848852 1
0.4109 0.85866093668 1
0.4208 0.86103698816 1
0.4307 0.86341303964 1
0.4406 0.86578909112 1
0.4505 0.8681651426 1
0.4604 0.87054119408 1
0.4703 0.87291724556 1
0.4802 0.87529329704 1
0.4901 0.87766934852 1
0.5 0.8800454 1
0.5099 0.88242145148 1
0.5198 0.88479750296 1
0.5297 0.88717355444 1
0.5396 0.88954960592 1
0.5495 0.8919256574 1
0.5594 0.89430170888 1
0.5693 0.89667776036 1
0.5792 0.89905381184 1
0.5891 0.90142986332 1
0.599 0.9038059148 1
0.6089 0.90618196628 1
0.6188 0.90855801776 1
0.6287 0.91093406924 1
0.6386 0.91331012072 1
0.6485 0.9156861722 1
0.6584 0.91806222368 1
0.6683 0.92043827516 1
0.6782 0.92281432664 1
0.6881 0.92519037812 1
0.698 0.9275664296 1
0.7079 0.92994248108 1
0.7178 0.93231853256 1
0.7277 0.93469458404 1
0.7376 0.93707063552 1
0.7475 0.939446687 1
0.7574 0.94182273848 1
0.7673 0.94419878996 1
0.7772 0.94657484144 1
0.7871 0.94895089292 1
0.797 0.9513269444 1
0.8069 0.95370299588 1
0.8168 0.95607904736 1
0.8267 0.95845509884 1
0.8366 0.96083115032 1
0.8465 0.9632072018 1
0.8564 0.96558325328 1
0.8663 0.96795930476 1
0.8762 0.97033535624 1
0.8861 0.97271140772 1
0.896 0.9750874592 1
0.9059 0.97746351068 1
0.9158 0.97983956216 1
0.9257 0.98221561364 1
0.9356 0.98459166512 1
0.9455 0.9869677166 1
0.9554 0.98934376808 1
0.9653 0.99171981956 1
0.9752 0.99409587104 1
0.9851 0.99647192252 1
0.995 0.998847974 1
0.005 0.771190627 1
0.0149 0.77346768046 1
0.0248 0.77574473392 1
0.0347 0.77802178738 1
0.0446 0.78029884084 1
0.0545 0.7825758943 1
0.0644 0.78485294776 1
0.0743 0.78713000122 1
0.0842 0.78940705468 1
0.0941 0.79168410814 1
0.104 0.7939611616 1
0.1139 0.79623821506 1
0.1238 0.79851526852 1
0.1337 0.80079232198 1
0.1436 0.80306937544 1
0.1535 0.8053464289 1
0.1634 0.80762348236 1
0.1733 0.80990053582 1
0.1832 0.81217758928 1
0.1931 0.81445464274 1
0.203 0.8167316962 1
0.2129 0.81900874966 1
0.2228 0.82128580312 1
0.2327 0.82356285658 1
0.2426 0.82583991004 1
0.2525 0.8281169635 1
0.2624 0.83039401696 1
0.2723 0.83267107042 1
0.2822 0.83494812388 1
0.2921 0.83722517734 1
0.302 0.8395022308 1
0.3119 0.84177928426 1
0.3218 0.84405633772 1
0.3317 0.84633339118 1
0.3416 0.84861044464 1
0.3515 0.8508874981 1
0.3614 0.85316455156 1
0.3713 0.85544160502 1
0.3812 0.85771865848 1
0.3911 0.85999571194 1
0.401 0.8622727654 1
0.4109 0.86454981886 1
0.4208 0.86682687232 1
0.4307 0.86910392578 1
0.4406 0.87138097924 1
0.4505 0.8736580327 1
0.4604 0.87593508616 1
0.4703 0.87821213962 1
0.4802 0.88048919308 1
0.4901 0.88276624654 1
0.5 0.8850433 1
0.5099 0.88732035346 1
0.5198 0.88959740692 1
0.5297 0.89187446038 1
0.5396 0.89415151384 1
0.5495 0.8964285673 1
0.5594 0.89870562076 1
0.5693 0.90098267422 1
0.5792 0.90325972768 1
0.5891 0.90553678114 1
0.599 0.9078138346 1
0.6089 0.91009088806 1
0.6188 0.91236794152 1
0.6287 0.91464499498 1
0.6386 0.91692204844 1
0.6485 0.9191991019 1
0.6584 0.92147615536 1
0.6683 0.92375320882 1
0.6782 0.92603026228 1
0.6881 0.92830731574 1
0.698 0.9305843692 1
0.7079 0.93286142266 1
0.7178 0.93513847612 1
0.7277 0.93741552958 1
0.7376 0.93969258304 1
0.7475 0.9419696365 1
0.7574 0.94424668996 1
0.7673 0.94652374342 1
0.7772 0.94880079688 1
0.7871 0.95107785034 1
0.797 0.9533549038 1
0.8069 0.95563195726 1
0.8168 0.95790901072 1
0.8267 0.96018606418 1
0.8366 0.96246311764 1
0.8465 0.9647401711 1
0.8564 0.96701722456 1
0.8663 0.96929427802 1
0.8762 0.97157133148 1
0.8861 0.97384838494 1
0.896 0.9761254384 1
0.9059 0.97840249186 1
0.9158 0.98067954532 1
0.9257 0.98295659878 1
0.9356 0.98523365224 1
0.9455 0.9875107057 1
0.9554 0.98978775916 1
0.9653 0.99206481262 1
0.9752 0.99434186608 1
0.9851 0.99661891954 1
0.995 0.998895973 1
0.005 0.781138428 1
0.0149 0.78331648344 1
0.0248 0.78549453888 1
0.0347 0.78767259432 1
0.0446 0.78985064976 1
0.0545 0.7920287052 1
0.0644 0.79420676064 1
0.0743 0.79638481608 1
0.0842 0.79856287152 1
0.0941 0.80074092696 1
0.104 0.8029189824 1
0.1139 0.80509703784 1
0.1238 0.80727509328 1
0.1337 0.80945314872 1
0.1436 0.81163120416 1
0.1535 0.8138092596 1
0.1634 0.81598731504 1
0.1733 0.81816537048 1
0.1832 0.82034342592 1
0.1931 0.82252148136 1
0.203 0.8246995368 1
0.2129 0.82687759224 1
0.2228 0.82905564768 1
0.2327 0.83123370312 1
0.2426 0.83341175856 1
0.2525 0.835589814 1
0.2624 0.83776786944 1
0.2723 0.83994592488 1
0.2822 0.84212398032 1
0.2921 0.84430203576 1
0.302 0.8464800912 1
0.3119 0.84865814664 1
0.3218 0.85083620208 1
0.3317 0.85301425752 1
0.3416 0.85519231296 1
0.3515 0.8573703684 1
0.3614 0.85954842384 1
0.3713 0.86172647928 1
0.3812 0.86390453472 1
0.3911 0.86608259016 1
0.401 0.8682606456 1
0.4109 0.87043870104 1
0.4208 0.87261675648 1
0.4307 0.87479481192 1
0.4406 0.87697286736 1
0.4505 0.8791509228 1
0.4604 0.88132897824 1
0.4703 0.88350703368 1
0.4802 0.88568508912 1
0.4901 0.88786314456 1
0.5 0.8900412 1
0.5099 0.89221925544 1
0.5198 0.89439731088 1
0.5297 0.89657536632 1
0.5396 0.89875342176 1
0.5495 0.9009314772 1
0.5594 0.90310953264 1
0.5693 0.90528758808 1
0.5792 0.90746564352 1
0.5891 0.90964369896 1
0.599 0.9118217544 1
0.6089 0.91399980984 1
0.6188 0.91617786528 1
0.6287 0.91835592072 1
0.6386 0.92053397616 1
0.6485 0.9227120316 1
0.6584 0.92489008704 1
0.6683 0.92706814248 1
0.6782 0.92924619792 1
0.6881 0.93142425336 1
0.698 0.9336023088 1
0.7079 0.93578036424 1
0.7178 0.93795841968 1
0.7277 0.94013647512 1
0.7376 0.94231453056 1
0.7475 0.944492586 1
0.7574 0.94667064144 1
0.7673 0.94884869688 1
0.7772 0.95102675232 1
0.7871 0.95320480776 1
0.797 0.9553828632 1
0.8069 0.95756091864 1
0.8168 0.95973897408 1
0.8267 0.96191702952 1
0.8366 0.96409508496 1
0.8465 0.9662731404 1
0.8564 0.96845119584 1
0.8663 0.97062925128 1
0.8762 0.97280730672 1
0.8861 0.97498536216 1
0.896 0.9771634176 1
0.9059 0.97934147304 1
0.9158 0.98151952848 1
0.9257 0.98369758392 1
0.9356 0.98587563936 1
0.9455 0.9880536948 1
0.9554 0.99023175024 1
0.9653 0.99240980568 1
0.9752 0.99458786112 1
0.9851 0.99676591656 1
0.995 0.998943972 1
0.005 0.791086229 1
0.0149 0.79316528642 1
0.0248 0.79524434384 1
0.0347 0.79732340126 1
0.0446 0.79940245868 1
0.0545 0.8014815161 1
0.0644 0.80356057352 1
0.0743 0.80563963094 1
0.0842 0.80771868836 1
0.0941 0.80979774578 1
0.104 0.8118768032 1
0.1139 0.81395586062 1
0.1238 0.81603491804 1
0.1337 0.81811397546 1
0.1436 0.82019303288 1
0.1535 0.8222720903 1
0.1634 0.82435114772 1
0.1733 0.82643020514 1
0.1832 0.82850926256 1
0.1931 0.83058831998 1
0.203 0.8326673774 1
0.2129 0.83474643482 1
0.2228 0.83682549224 1
0.2327 0.83890454966 1
0.2426 0.84098360708 1
0.2525 0.8430626645 1
0.2624 0.84514172192 1
0.2723 0.84722077934 1
0.2822 0.84929983676 1
0.2921 0.85137889418 1
0.302 0.8534579516 1
0.3119 0.85553700902 1
0.3218 0.85761606644 1
0.3317 0.85969512386 1
0.3416 0.86177418128 1
0.3515 0.8638532387 1
0.3614 0.86593229612 1
0.3713 0.86801135354 1
0.3812 0.87009041096 1
0.3911 0.87216946838 1
0.401 0.8742485258 1
0.4109 0.87632758322 1
0.4208 0.87840664064 1
0.4307 0.88048569806 1
0.4406 0.88256475548 1
0.4505 0.8846438129 1
0.4604 0.88672287032 1
0.4703 0.88880192774 1
0.4802 0.89088098516 1
0.4901 0.89296004258 1
0.5 0.8950391 1
0.5099 0.89711815742 1
0.5198 0.89919721484 1
0.5297 0.90127627226 1
0.5396 0.90335532968 1
0.5495 0.9054343871 1
0.5594 0.90751344452 1
0.5693 0.90959250194 1
0.5792 0.91167155936 1
0.5891 0.91375061678 1
0.599 0.9158296742 1
0.6089 0.91790873162 1
0.6188 0.91998778904 1
0.6287 0.92206684646 1
0.6386 0.92414590388 1
0.6485 0.9262249613 1
0.6584 0.92830401872 1
0.6683 0.93038307614 1
0.6782 0.93246213356 1
0.6881 0.93454119098 1
0.698 0.9366202484 1
0.7079 0.93869930582 1
0.7178 0.94077836324 1
0.7277 0.94285742066 1
0.7376 0.94493647808 1
0.7475 0.9470155355 1
0.7574 0.94909459292 1
0.7673 0.95117365034 1
0.7772 0.95325270776 1
0.7871 0.95533176518 1
0.797 0.9574108226 1
0.8069 0.95948988002 1
0.8168 0.96156893744 1
0.8267 0.96364799486 1
0.8366 0.96572705228 1
0.8465 0.9678061097 1
0.8564 0.96988516712 1
0.8663 0.97196422454 1
0.8762 0.97404328196 1
0.8861 0.97612233938 1
0.896 0.9782013968 1
0.9059 0.98028045422 1
0.9158 0.98235951164 1
0.9257 0.98443856906 1
0.9356 0.98651762648 1
0.9455 0.9885966839 1
0.9554 0.99067574132 1
0.9653 0.99275479874 1
0.9752 0.99483385616 1
0.9851 0.99691291358 1
0.995 0.998991971 1
0.005 0.80103403 1
0.0149 0.8030140894 1
0.0248 0.8049941488 1
0.0347 0.8069742082 1
0.0446 0.8089542676 1
0.0545 0.810934327 1
0.0644 0.8129143864 1
0.0743 0.8148944458 1
0.0842 0.8168745052 1
0.0941 0.8188545646 1
0.104 0.820834624 1
0.1139 0.8228146834 1
0.1238 0.8247947428 1
0.1337 0.8267748022 1
0.1436 0.8287548616 1
0.1535 0.830734921 1
0.1634 0.8327149804 1
0.1733 0.8346950398 1
0.1832 0.8366750992 1
0.1931 0.8386551586 1
0.203 0.840635218 1
0.2129 0.8426152774 1
0.2228 0.8445953368 1
0.2327 0.8465753962 1
0.2426 0.8485554556 1
0.2525 0.850535515 1
0.2624 0.8525155744 1
0.2723 0.8544956338 1
0.2822 0.8564756932 1
0.2921 0.8584557526 1
0.302 0.860435812 1
0.3119 0.8624158714 1
0.3218 0.8643959308 1
0.3317 0.8663759902 1
0.3416 0.8683560496 1
0.3515 0.870336109 1
0.3614 0.8723161684 1
0.3713 0.8742962278 1
0.3812 0.8762762872 1
0.3911 0.8782563466 1
0.401 0.880236406 1
0.4109 0.8822164654 1
0.4208 0.8841965248 1
0.4307 0.8861765842 1
0.4406 0.8881566436 1
0.4505 0.890136703 1
0.4604 0.8921167624 1
0.4703 0.8940968218 1
0.4802 0.8960768812 1
0.4901 0.8980569406 1
0.5 0.900037 1
0.5099 0.9020170594 1
0.5198 0.9039971188 1
0.5297 0.9059771782 1
0.5396 0.9079572376 1
0.5495 0.909937297 1
0.5594 0.9119173564 1
0.5693 0.9138974158 1
0.5792 0.9158774752 1
0.5891 0.9178575346 1
0.599 0.919837594 1
0.6089 0.9218176534 1
0.6188 0.9237977128 1
0.6287 0.9257777722 1
0.6386 0.9277578316 1
0.6485 0.929737891 1
0.6584 0.9317179504 1
0.6683 0.9336980098 1
0.6782 0.9356780692 1
0.6881 0.9376581286 1
0.698 0.939638188 1
0.7079 0.9416182474 1
0.7178 0.9435983068 1
0.7277 0.9455783662 1
0.7376 0.9475584256 1
0.7475 0.949538485 1
0.7574 0.9515185444 1
0.7673 0.9534986038 1
0.7772 0.9554786632 1
0.7871 0.9574587226 1
0.797 0.959438782 1
0.8069 0.9614188414 1
0.8168 0.9633989008 1
0.8267 0.9653789602 1
0.8366 0.9673590196 1
0.8465 0.969339079 1
0.8564 0.9713191384 1
0.8663 0.9732991978 1
0.8762 0.9752792572 1
0.8861 0.9772593166 1
0.896 0.979239376 1
0.9059 0.9812194354 1
0.9158 0.9831994948 1
0.9257 0.9851795542 1
0.9356 0.9871596136 1
0.9455 0.989139673 1
0.9554 0.9911197324 1
0.9653 0.9930997918 1
0.9752 0.9950798512 1
0.9851 0.9970599106 1
0.995 0.99903997 1
0.005 0.810981831 1
0.0149 0.81286289238 1
0.0248 0.81474395376 1
0.0347 0.81662501514 1
0.0446 0.81850607652 1
0.0545 0.8203871379 1
0.0644 0.82226819928 1
0.0743 0.82414926066 1
0.0842 0.82603032204 1
0.0941 0.82791138342 1
0.104 0.8297924448 1
0.1139 0.83167350618 1
0.1238 0.83355456756 1
0.1337 0.83543562894 1
0.1436 0.83731669032 1
0.1535 0.8391977517 1
0.1634 0.84107881308 1
0.1733 0.84295987446 1
0.1832 0.84484093584 1
0.1931 0.84672199722 1
0.203 0.8486030586 1
0.2129 0.85048411998 1
0.2228 0.85236518136 1
0.2327 0.85424624274 1
0.2426 0.85612730412 1
0.2525 0.8580083655 1
0.2624 0.85988942688 1
0.2723 0.86177048826 1
0.2822 0.86365154964 1
0.2921 0.86553261102 1
0.302 0.8674136724 1
0.3119 0.86929473378 1
0.3218 0.87117579516 1
0.3317 0.87305685654 1
0.3416 0.87493791792 1
0.3515 0.8768189793 1
0.3614 0.87870004068 1
0.3713 0.88058110206 1
0.3812 0.88246216344 1
0.3911 0.88434322482 1
0.401 0.8862242862 1
0.4109 0.88810534758 1
0.4208 0.88998640896 1
0.4307 0.89186747034 1
0.4406 0.89374853172 1
0.4505 0.8956295931 1
0.4604 0.89751065448 1
0.4703 0.89939171586 1
0.4802 0.90127277724 1
0.4901 0.90315383862 1
0.5 0.9050349 1
0.5099 0.90691596138 1
0.5198 0.90879702276 1
0.5297 0.91067808414 1
0.5396 0.91255914552 1
0.5495 0.9144402069 1
0.5594 0.91632126828 1
0.5693 0.91820232966 1
0.5792 0.92008339104 1
0.5891 0.92196445242 1
0.599 0.9238455138 1
0.6089 0.92572657518 1
0.6188 0.92760763656 1
0.6287 0.92948869794 1
0.6386 0.93136975932 1
0.6485 0.9332508207 1
0.6584 0.93513188208 1
0.6683 0.93701294346 1
0.6782 0.93889400484 1
0.6881 0.94077506622 1
0.698 0.9426561276 1
0.7079 0.94453718898 1
0.7178 0.94641825036 1
0.7277 0.94829931174 1
0.7376 0.95018037312 1
0.7475 0.9520614345 1
0.7574 0.95394249588 1
0.7673 0.95582355726 1
0.7772 0.95770461864 1
0.7871 0.95958568002 1
0.797 0.9614667414 1
0.8069 0.96334780278 1
0.8168 0.96522886416 1
0.8267 0.96710992554 1
0.8366 0.96899098692 1
0.8465 0.9708720483 1
0.8564 0.97275310968 1
0.8663 0.97463417106 1
0.8762 0.97651523244 1
0.8861 0.97839629382 1
0.896 0.9802773552 1
0.9059 0.98215841658 1
0.9158 0.98403947796 1
0.9257 0.98592053934 1
0.9356 0.98780160072 1
0.9455 0.9896826621 1
0.9554 0.99156372348 1
0.9653 0.99344478486 1
0.9752 0.99532584624 1
0.9851 0.99720690762 1
0.995 0.999087969 1
0.005 0.820929632 1
0.0149 0.82271169536 1
0.0248 0.82449375872 1
0.0347 0.82627582208 1
0.0446 0.82805788544 1
0.0545 0.8298399488 1
0.0644 0.83162201216 1
0.0743 0.83340407552 1
0.0842 0.83518613888 1
0.0941 0.83696820224 1
0.104 0.8387502656 1
0.1139 0.84053232896 1
0.1238 0.84231439232 1
0.1337 0.84409645568 1
0.1436 0.84587851904 1
0.1535 0.8476605824 1
0.1634 0.84944264576 1
0.1733 0.85122470912 1
0.1832 0.85300677248 1
0.1931 0.85478883584 1
0.203 0.8565708992 1
0.2129 0.85835296256 1
0.2228 0.86013502592 1
0.2327 0.86191708928 1
0.2426 0.86369915264 1
0.2525 0.865481216 1
0.2624 0.86726327936 1
0.2723 0.86904534272 1
0.2822 0.87082740608 1
0.2921 0.87260946944 1
0.302 0.8743915328 1
0.3119 0.87617359616 1
0.3218 0.87795565952 1
0.3317 0.87973772288 1
0.3416 0.88151978624 1
0.3515 0.8833018496 1
0.3614 0.88508391296 1
0.3713 0.88686597632 1
0.3812 0.88864803968 1
0.3911 0.89043010304 1
0.401 0.8922121664 1
0.4109 0.89399422976 1
0.4208 0.89577629312 1
0.4307 0.89755835648 1
0.4406 0.89934041984 1
0.4505 0.9011224832 1
0.4604 0.90290454656 1
0.4703 0.90468660992 1
0.4802 0.90646867328 1
0.4901 0.90825073664 1
0.5 0.9100328 1
0.5099 0.91181486336 1
0.5198 0.91359692672 1
0.5297 0.91537899008 1
0.5396 0.91716105344 1
0.5495 0.9189431168 1
0.5594 0.92072518016 1
0.5693 0.92250724352 1
0.5792 0.92428930688 1
0.5891 0.92607137024 1
0.599 0.9278534336 1
0.6089 0.92963549696 1
0.6188 0.93141756032 1
0.6287 0.93319962368 1
0.6386 0.93498168704 1
0.6485 0.9367637504 1
0.6584 0.93854581376 1
0.6683 0.94032787712 1
0.6782 0.94210994048 1
0.6881 0.94389200384 1
0.698 0.9456740672 1
0.7079 0.94745613056 1
0.7178 0.94923819392 1
0.7277 0.95102025728 1
0.7376 0.95280232064 1
0.7475 0.954584384 1
0.7574 0.95636644736 1
0.7673 0.95814851072 1
0.7772 0.95993057408 1
0.7871 0.96171263744 1
0.797 0.9634947008 1
0.8069 0.96527676416 1
0.8168 0.96705882752 1
0.8267 0.96884089088 1
0.8366 0.97062295424 1
0.8465 0.9724050176 1
0.8564 0.97418708096 1
0.8663 0.97596914432 1
0.8762 0.97775120768 1
0.8861 0.97953327104 1
0.896 0.9813153344 1
0.9059 0.98309739776 1
0.9158 0.98487946112 1
0.9257 0.98666152448 1
0.9356 0.98844358784 1
0.9455 0.9902256512 1
0.9554 0.99200771456 1
0.9653 0.99378977792 1
0.9752 0.99557184128 1
0.9851 0.99735390464 1
0.995 0.999135968 1
0.005 0.830877433 1
0.0149 0.83256049834 1
0.0248 0.83424356368 1
0.0347 0.83592662902 1
0.0446 0.83760969436 1
0.0545 0.8392927597 1
0.0644 0.84097582504 1
0.0743 0.84265889038 1
0.0842 0.84434195572 1
0.0941 0.84602502106 1
0.104 0.8477080864 1
0.1139 0.84939115174 1
0.1238 0.85107421708 1
0.1337 0.85275728242 1
0.1436 0.85444034776 1
0.1535 0.8561234131 1
0.1634 0.85780647844 1
0.1733 0.85948954378 1
0.1832 0.86117260912 1
0.1931 0.86285567446 1
0.203 0.8645387398 1
0.2129 0.86622180514 1
0.2228 0.86790487048 1
0.2327 0.86958793582 1
0.2426 0.87127100116 1
0.2525 0.8729540665 1
0.2624 0.87463713184 1
0.2723 0.87632019718 1
0.2822 0.87800326252 1
0.2921 0.87968632786 1
0.302 0.8813693932 1
0.3119 0.88305245854 1
0.3218 0.88473552388 1
0.3317 0.88641858922 1
0.3416 0.88810165456 1
0.3515 0.8897847199 1
0.3614 0.89146778524 1
0.3713 0.89315085058 1
0.3812 0.89483391592 1
0.3911 0.89651698126 1
0.401 0.8982000466 1
0.4109 0.89988311194 1
0.4208 0.90156617728 1
0.4307 0.90324924262 1
0.4406 0.90493230796 1
0.4505 0.9066153733 1
0.4604 0.90829843864 1
0.4703 0.90998150398 1
0.4802 0.91166456932 1
0.4901 0.91334763466 1
0.5 0.9150307 1
0.5099 0.91671376534 1
0.5198 0.91839683068 1
0.5297 0.92007989602 1
0.5396 0.92176296136 1
0.5495 0.9234460267 1
0.5594 0.92512909204 1
0.5693 0.92681215738 1
0.5792 0.92849522272 1
0.5891 0.93017828806 1
0.599 0.9318613534 1
0.6089 0.93354441874 1
0.6188 0.93522748408 1
0.6287 0.93691054942 1
0.6386 0.93859361476 1
0.6485 0.9402766801 1
0.6584 0.94195974544 1
0.6683 0.94364281078 1
0.6782 0.94532587612 1
0.6881 0.94700894146 1
0.698 0.9486920068 1
0.7079 0.95037507214 1
0.7178 0.95205813748 1
0.7277 0.95374120282 1
0.7376 0.95542426816 1
0.7475 0.9571073335 1
0.7574 0.95879039884 1
0.7673 0.96047346418 1
0.7772 0.96215652952 1
0.7871 0.96383959486 1
0.797 0.9655226602 1
0.8069 0.96720572554 1
0.8168 0.96888879088 1
0.8267 0.97057185622 1
0.8366 0.97225492156 1
0.8465 0.9739379869 1
0.8564 0.97562105224 1
0.8663 0.97730411758 1
0.8762 0.97898718292 1
0.8861 0.98067024826 1
0.896 0.9823533136 1
0.9059 0.98403637894 1
0.9158 0.98571944428 1
0.9257 0.98740250962 1
0.9356 0.98908557496 1
0.9455 0.9907686403 1
0.9554 0.99245170564 1
0.9653 0.99413477098 1
0.9752 0.99581783632 1
0.9851 0.99750090166 1
0.995 0.999183967 1
0.005 0.840825234 1
0.0149 0.84240930132 1
0.0248 0.84399336864 1
0.0347 0.84557743596 1
0.0446 0.84716150328 1
0.0545 0.8487455706 1
0.0644 0.85032963792 1
0.0743 0.85191370524 1
0.0842 0.85349777256 1
0.0941 0.85508183988 1
0.104 0.8566659072 1
0.1139 0.85824997452 1
0.1238 0.85983404184 1
0.1337 0.86141810916 1
0.1436 0.86300217648 1
0.1535 0.8645862438 1
0.1634 0.86617031112 1
0.1733 0.86775437844 1
0.1832 0.86933844576 1
0.1931 0.87092251308 1
0.203 0.8725065804 1
0.2129 0.87409064772 1
0.2228 0.87567471504 1
0.2327 0.87725878236 1
0.2426 0.87884284968 1
0.2525 0.880426917 1
0.2624 0.88201098432 1
0.2723 0.88359505164 1
0.2822 0.88517911896 1
0.2921 0.88676318628 1
0.302 0.8883472536 1
0.3119 0.88993132092 1
0.3218 0.89151538824 1
0.3317 0.89309945556 1
0.3416 0.89468352288 1
0.3515 0.8962675902 1
0.3614 0.89785165752 1
0.3713 0.89943572484 1
0.3812 0.90101979216 1
0.3911 0.90260385948 1
0.401 0.9041879268 1
0.4109 0.90577199412 1
0.4208 0.90735606144 1
0.4307 0.90894012876 1
0.4406 0.91052419608 1
0.4505 0.9121082634 1
0.4604 0.91369233072 1
0.4703 0.91527639804 1
0.4802 0.91686046536 1
0.4901 0.91844453268 1
0.5 0.9200286 1
0.5099 0.92161266732 1
0.5198 0.92319673464 1
0.5297 0.92478080196 1
0.5396 0.92636486928 1
0.5495 0.9279489366 1
0.5594 0.92953300392 1
0.5693 0.93111707124 1
0.5792 0.93270113856 1
0.5891 0.93428520588 1
0.599 0.9358692732 1
0.6089 0.93745334052 1
0.6188 0.93903740784 1
0.6287 0.94062147516 1
0.6386 0.94220554248 1
0.6485 0.9437896098 1
0.6584 0.94537367712 1
0.6683 0.94695774444 1
0.6782 0.94854181176 1
0.6881 0.95012587908 1
0.698 0.9517099464 1
0.7079 0.95329401372 1
0.7178 0.95487808104 1
0.7277 0.95646214836 1
0.7376 0.95804621568 1
0.7475 0.959630283 1
0.7574 0.96121435032 1
0.7673 0.96279841764 1
0.7772 0.96438248496 1
0.7871 0.96596655228 1
0.797 0.9675506196 1
0.8069 0.96913468692 1
0.8168 0.97071875424 1
0.8267 0.97230282156 1
0.8366 0.97388688888 1
0.8465 0.9754709562 1
0.8564 0.97705502352 1
0.8663 0.97863909084 1
0.8762 0.98022315816 1
0.8861 0.98180722548 1
0.896 0.9833912928 1
0.9059 0.98497536012 1
0.9158 0.98655942744 1
0.9257 0.98814349476 1
0.9356 0.98972756208 1
0.9455 0.9913116294 1
0.9554 0.99289569672 1
0.9653 0.99447976404 1
0.9752 0.99606383136 1
0.9851 0.99764789868 1
0.995 0.999231966 1
0.005 0.850773035 1
0.0149 0.8522581043 1
0.0248 0.8537431736 1
0.0347 0.8552282429 1
0.0446 0.8567133122 1
0.0545 0.8581983815 1
0.0644 0.8596834508 1
0.0743 0.8611685201 1
0.0842 0.8626535894 1
0.0941 0.8641386587 1
0.104 0.865623728 1
0.1139 0.8671087973 1
0.1238 0.8685938666 1
0.1337 0.8700789359 1
0.1436 0.8715640052 1
0.1535 0.8730490745 1
0.1634 0.8745341438 1
0.1733 0.8760192131 1
0.1832 0.8775042824 1
0.1931 0.8789893517 1
0.203 0.880474421 1
0.2129 0.8819594903 1
0.2228 0.8834445596 1
0.2327 0.8849296289 1
0.2426 0.8864146982 1
0.2525 0.8878997675 1
0.2624 0.8893848368 1
0.2723 0.8908699061 1
0.2822 0.8923549754 1
0.2921 0.8938400447 1
0.302 0.895325114 1
0.3119 0.8968101833 1
0.3218 0.8982952526 1
0.3317 0.8997803219 1
0.3416 0.9012653912 1
0.3515 0.9027504605 1
0.3614 0.9042355298 1
0.3713 0.9057205991 1
0.3812 0.9072056684 1
0.3911 0.9086907377 1
0.401 0.910175807 1
0.4109 0.9116608763 1
0.4208 0.9131459456 1
0.4307 0.9146310149 1
0.4406 0.9161160842 1
0.4505 0.9176011535 1
0.4604 0.9190862228 1
0.4703 0.9205712921 1
0.4802 0.9220563614 1
0.4901 0.9235414307 1
0.5 0.9250265 1
0.5099 0.9265115693 1
0.5198 0.9279966386 1
0.5297 0.9294817079 1
0.5396 0.9309667772 1
0.5495 0.9324518465 1
0.5594 0.9339369158 1
0.5693 0.9354219851 1
0.5792 0.9369070544 1
0.5891 0.9383921237 1
0.599 0.939877193 1
0.6089 0.9413622623 1
0.6188 0.9428473316 1
0.6287 0.9443324009 1
0.6386 0.9458174702 1
0.6485 0.9473025395 1
0.6584 0.9487876088 1
0.6683 0.9502726781 1
0.6782 0.9517577474 1
0.6881 0.9532428167 1
0.698 0.954727886 1
0.7079 0.9562129553 1
0.7178 0.9576980246 1
0.7277 0.9591830939 1
0.7376 0.9606681632 1
0.7475 0.9621532325 1
0.7574 0.9636383018 1
0.7673 0.9651233711 1
0.7772 0.9666084404 1
0.7871 0.9680935097 1
0.797 0.969578579 1
0.8069 0.9710636483 1
0.8168 0.9725487176 1
0.8267 0.9740337869 1
0.8366 0.9755188562 1
0.8465 0.9770039255 1
0.8564 0.9784889948 1
0.8663 0.9799740641 1
0.8762 0.9814591334 1
0.8861 0.9829442027 1
0.896 0.984429272 1
0.9059 0.9859143413 1
0.9158 0.9873994106 1
0.9257 0.9888844799 1
0.9356 0.9903695492 1
0.9455 0.9918546185 1
0.9554 0.9933396878 1
0.9653 0.9948247571 1
0.9752 0.9963098264 1
0.9851 0.9977948957 1
0.995 0.999279965 1
0.005 0.860720836 1
0.0149 0.86210690728 1
0.0248 0.86349297856 1
0.0347 0.86487904984 1
0.0446 0.86626512112 1
0.0545 0.8676511924 1
0.0644 0.86903726368 1
0.0743 0.87042333496 1
0.0842 0.87180940624 1
0.0941 0.87319547752 1
0.104 0.8745815488 1
0.1139 0.87596762008 1
0.1238 0.87735369136 1
0.1337 0.87873976264 1
0.1436 0.88012583392 1
0.1535 0.8815119052 1
0.1634 0.88289797648 1
0.1733 0.88428404776 1
0.1832 0.88567011904 1
0.1931 0.88705619032 1
0.203 0.8884422616 1
0.2129 0.88982833288 1
0.2228 0.89121440416 1
0.2327 0.89260047544 1
0.2426 0.89398654672 1
0.2525 0.895372618 1
0.2624 0.89675868928 1
0.2723 0.89814476056 1
0.2822 0.89953083184 1
0.2921 0.90091690312 1
0.302 0.9023029744 1
0.3119 0.90368904568 1
0.3218 0.90507511696 1
0.3317 0.90646118824 1
0.3416 0.90784725952 1
0.3515 0.9092333308 1
0.3614 0.91061940208 1
0.3713 0.91200547336 1
0.3812 0.91339154464 1
0.3911 0.91477761592 1
0.401 0.9161636872 1
0.4109 0.91754975848 1
0.4208 0.91893582976 1
0.4307 0.92032190104 1
0.4406 0.92170797232 1
0.4505 0.9230940436 1
0.4604 0.92448011488 1
0.4703 0.92586618616 1
0.4802 0.92725225744 1
0.4901 0.92863832872 1
0.5 0.9300244 1
0.5099 0.93141047128 1
0.5198 0.93279654256 1
0.5297 0.93418261384 1
0.5396 0.93556868512 1
0.5495 0.9369547564 1
0.5594 0.93834082768 1
0.5693 0.93972689896 1
0.5792 0.94111297024 1
0.5891 0.94249904152 1
0.599 0.9438851128 1
0.6089 0.94527118408 1
0.6188 0.94665725536 1
0.6287 0.94804332664 1
0.6386 0.94942939792 1
0.6485 0.9508154692 1
0.6584 0.95220154048 1
0.6683 0.95358761176 1
0.6782 0.95497368304 1
0.6881 0.95635975432 1
0.698 0.9577458256 1
0.7079 0.95913189688 1
0.7178 0.96051796816 1
0.7277 0.96190403944 1
0.7376 0.96329011072 1
0.7475 0.964676182 1
0.7574 0.96606225328 1
0.7673 0.96744832456 1
0.7772 0.96883439584 1
0.7871 0.97022046712 1
0.797 0.9716065384 1
0.8069 0.97299260968 1
0.8168 0.97437868096 1
0.8267 0.97576475224 1
0.8366 0.97715082352 1
0.8465 0.9785368948 1
0.8564 0.97992296608 1
0.8663 0.98130903736 1
0.8762 0.98269510864 1
0.8861 0.98408117992 1
0.896 0.9854672512 1
0.9059 0.98685332248 1
0.9158 0.98823939376 1
0.9257 0.98962546504 1
0.9356 0.99101153632 1
0.9455 0.9923976076 1
0.9554 0.99378367888 1
0.9653 0.99516975016 1
0.9752 0.99655582144 1
0.9851 0.99794189272 1
0.995 0.999327964 1
0.005 0.870668637 1
0.0149 0.87195571026 1
0.0248 0.87324278352 1
0.0347 0.87452985678 1
0.0446 0.87581693004 1
0.0545 0.8771040033 1
0.0644 0.87839107656 1
0.0743 0.87967814982 1
0.0842 0.88096522308 1
0.0941 0.88225229634 1
0.104 0.8835393696 1
0.1139 0.88482644286 1
0.1238 0.88611351612 1
0.1337 0.88740058938 1
0.1436 0.88868766264 1
0.1535 0.8899747359 1
0.1634 0.89126180916 1
0.1733 0.89254888242 1
0.1832 0.89383595568 1
0.1931 0.89512302894 1
0.203 0.8964101022 1
0.2129 0.89769717546 1
0.2228 0.89898424872 1
0.2327 0.90027132198 1
0.2426 0.90155839524 1
0.2525 0.9028454685 1
0.2624 0.90413254176 1
0.2723 0.90541961502 1
0.2822 0.90670668828 1
0.2921 0.90799376154 1
0.302 0.9092808348 1
0.3119 0.91056790806 1
0.3218 0.91185498132 1
0.3317 0.91314205458 1
0.3416 0.91442912784 1
0.3515 0.9157162011 1
0.3614 0.91700327436 1
0.3713 0.91829034762 1
0.3812 0.91957742088 1
0.3911 0.92086449414 1
0.401 0.9221515674 1
0.4109 0.92343864066 1
0.4208 0.92472571392 1
0.4307 0.92601278718 1
0.4406 0.92729986044 1
0.4505 0.9285869337 1
0.4604 0.92987400696 1
0.4703 0.93116108022 1
0.4802 0.93244815348 1
0.4901 0.93373522674 1
0.5 0.9350223 1
0.5099 0.93630937326 1
0.5198 0.93759644652 1
0.5297 0.93888351978 1
0.5396 0.94017059304 1
0.5495 0.9414576663 1
0.5594 0.94274473956 1
0.5693 0.94403181282 1
0.5792 0.94531888608 1
0.5891 0.94660595934 1
0.599 0.9478930326 1
0.6089 0.94918010586 1
0.6188 0.95046717912 1
0.6287 0.95175425238 1
0.6386 0.95304132564 1
0.6485 0.9543283989 1
0.6584 0.95561547216 1
0.6683 0.95690254542 1
0.6782 0.95818961868 1
0.6881 0.95947669194 1
0.698 0.9607637652 1
0.7079 0.96205083846 1
0.7178 0.96333791172 1
0.7277 0.96462498498 1
0.7376 0.96591205824 1
0.7475 0.9671991315 1
0.7574 0.96848620476 1
0.7673 0.96977327802 1
0.7772 0.97106035128 1
0.7871 0.97234742454 1
0.797 0.9736344978 1
0.8069 0.97492157106 1
0.8168 0.97620864432 1
0.8267 0.97749571758 1
0.8366 0.97878279084 1
0.8465 0.9800698641 1
0.8564 0.98135693736 1
0.8663 0.98264401062 1
0.8762 0.98393108388 1
0.8861 0.98521815714 1
0.896 0.9865052304 1
0.9059 0.98779230366 1
0.9158 0.98907937692 1
0.9257 0.99036645018 1
0.9356 0.99165352344 1
0.9455 0.9929405967 1
0.9554 0.99422766996 1
0.9653 0.99551474322 1
0.9752 0.99680181648 1
0.9851 0.99808888974 1
0.995 0.999375963 1
0.005 0.880616438 1
0.0149 0.88180451324 1
0.0248 0.88299258848 1
0.0347 0.88418066372 1
0.0446 0.88536873896 1
0.0545 0.8865568142 1
0.0644 0.88774488944 1
0.0743 0.88893296468 1
0.0842 0.89012103992 1
0.0941 0.89130911516 1
0.104 0.8924971904 1
0.1139 0.89368526564 1
0.1238 0.89487334088 1
0.1337 0.89606141612 1
0.1436 0.89724949136 1
0.1535 0.8984375666 1
0.1634 0.89962564184 1
0.1733 0.90081371708 1
0.1832 0.90200179232 1
0.1931 0.90318986756 1
0.203 0.9043779428 1
0.2129 0.90556601804 1
0.2228 0.90675409328 1
0.2327 0.90794216852 1
0.2426 0.90913024376 1
0.2525 0.910318319 1
0.2624 0.91150639424 1
0.2723 0.91269446948 1
0.2822 0.91388254472 1
0.2921 0.91507061996 1
0.302 0.9162586952 1
0.3119 0.91744677044 1
0.3218 0.91863484568 1
0.3317 0.91982292092 1
0.3416 0.92101099616 1
0.3515 0.9221990714 1
0.3614 0.92338714664 1
0.3713 0.92457522188 1
0.3812 0.92576329712 1
0.3911 0.92695137236 1
0.401 0.9281394476 1
0.4109 0.92932752284 1
0.4208 0.93051559808 1
0.4307 0.93170367332 1
0.4406 0.93289174856 1
0.4505 0.9340798238 1
0.4604 0.93526789904 1
0.4703 0.93645597428 1
0.4802 0.93764404952 1
0.4901 0.93883212476 1
0.5 0.9400202 1
0.5099 0.94120827524 1
0.5198 0.94239635048 1
0.5297 0.94358442572 1
0.5396 0.94477250096 1
0.5495 0.9459605762 1
0.5594 0.94714865144 1
0.5693 0.94833672668 1
0.5792 0.94952480192 1
0.5891 0.95071287716 1
0.599 0.9519009524 1
0.6089 0.95308902764 1
0.6188 0.95427710288 1
0.6287 0.95546517812 1
0.6386 0.95665325336 1
0.6485 0.9578413286 1
0.6584 0.95902940384 1
0.6683 0.96021747908 1
0.6782 0.96140555432 1
0.6881 0.96259362956 1
0.698 0.9637817048 1
0.7079 0.96496978004 1
0.7178 0.96615785528 1
0.7277 0.96734593052 1
0.7376 0.96853400576 1
0.7475 0.969722081 1
0.7574 0.97091015624 1
0.7673 0.97209823148 1
0.7772 0.97328630672 1
0.7871 0.97447438196 1
0.797 0.9756624572 1
0.8069 0.97685053244 1
0.8168 0.97803860768 1
0.8267 0.97922668292 1
0.8366 0.98041475816 1
0.8465 0.9816028334 1
0.8564 0.98279090864 1
0.8663 0.98397898388 1
0.8762 0.98516705912 1
0.8861 0.98635513436 1
0.896 0.9875432096 1
0.9059 0.98873128484 1
0.9158 0.98991936008 1
0.9257 0.99110743532 1
0.9356 0.99229551056 1
0.9455 0.9934835858 1
0.9554 0.99467166104 1
0.9653 0.99585973628 1
0.9752 0.99704781152 1
0.9851 0.99823588676 1
0.995 0.999423962 1
0.005 0.890564239 1
0.0149 0.89165331622 1
0.0248 0.89274239344 1
0.0347 0.89383147066 1
0.0446 0.89492054788 1
0.0545 0.8960096251 1
0.0644 0.89709870232 1
0.0743 0.89818777954 1
0.0842 0.89927685676 1
0.0941 0.90036593398 1
0.104 0.9014550112 1
0.1139 0.90254408842 1
0.1238 0.90363316564 1
0.1337 0.90472224286 1
0.1436 0.90581132008 1
0.1535 0.9069003973 1
0.1634 0.90798947452 1
0.1733 0.90907855174 1
0.1832 0.91016762896 1
0.1931 0.91125670618 1
0.203 0.9123457834 1
0.2129 0.91343486062 1
0.2228 0.91452393784 1
0.2327 0.91561301506 1
0.2426 0.91670209228 1
0.2525 0.9177911695 1
0.2624 0.91888024672 1
0.2723 0.91996932394 1
0.2822 0.92105840116 1
0.2921 0.92214747838 1
0.302 0.9232365556 1
0.3119 0.92432563282 1
0.3218 0.92541471004 1
0.3317 0.92650378726 1
0.3416 0.92759286448 1
0.3515 0.9286819417 1
0.3614 0.92977101892 1
0.3713 0.93086009614 1
0.3812 0.93194917336 1
0.3911 0.93303825058 1
0.401 0.9341273278 1
0.4109 0.93521640502 1
0.4208 0.93630548224 1
0.4307 0.93739455946 1
0.4406 0.93848363668 1
0.4505 0.9395727139 1
0.4604 0.94066179112 1
0.4703 0.94175086834 1
0.4802 0.94283994556 1
0.4901 0.94392902278 1
0.5 0.9450181 1
0.5099 0.94610717722 1
0.5198 0.94719625444 1
0.5297 0.94828533166 1
0.5396 0.94937440888 1
0.5495 0.9504634861 1
0.5594 0.95155256332 1
0.5693 0.95264164054 1
0.5792 0.95373071776 1
0.5891 0.95481979498 1
0.599 0.9559088722 1
0.6089 0.95699794942 1
0.6188 0.95808702664 1
0.6287 0.95917610386 1
0.6386 0.96026518108 1
0.6485 0.9613542583 1
0.6584 0.96244333552 1
0.6683 0.96353241274 1
0.6782 0.96462148996 1
0.6881 0.96571056718 1
0.698 0.9667996444 1
0.7079 0.96788872162 1
0.7178 0.96897779884 1
0.7277 0.97006687606 1
0.7376 0.97115595328 1
0.7475 0.9722450305 1
0.7574 0.97333410772 1
0.7673 0.97442318494 1
0.7772 0.97551226216 1
0.7871 0.97660133938 1
0.797 0.9776904166 1
0.8069 0.97877949382 1
0.8168 0.97986857104 1
0.8267 0.98095764826 1
0.8366 0.98204672548 1
0.8465 0.9831358027 1
0.8564 0.98422487992 1
0.8663 0.98531395714 1
0.8762 0.98640303436 1
0.8861 0.98749211158 1
0.896 0.9885811888 1
0.9059 0.98967026602 1
0.9158 0.99075934324 1
0.9257 0.99184842046 1
0.9356 0.99293749768 1
0.9455 0.9940265749 1
0.9554 0.99511565212 1
0.9653 0.99620472934 1
0.9752 0.99729380656 1
0.9851 0.99838288378 1
0.995 0.999471961 1
0.005 0.90051204 1
0.0149 0.9015021192 1
0.0248 0.9024921984 1
0.0347 0.9034822776 1
0.0446 0.9044723568 1
0.0545 0.905462436 1
0.0644 0.9064525152 1
0.0743 0.9074425944 1
0.0842 0.9084326736 1
0.0941 0.9094227528 1
0.104 0.910412832 1
0.1139 0.9114029112 1
0.1238 0.9123929904 1
0.1337 0.9133830696 1
0.1436 0.9143731488 1
0.1535 0.915363228 1
0.1634 0.9163533072 1
0.1733 0.9173433864 1
0.1832 0.9183334656 1
0.1931 0.9193235448 1
0.203 0.920313624 1
0.2129 0.9213037032 1
0.2228 0.9222937824 1
0.2327 0.9232838616 1
0.2426 0.9242739408 1
0.2525 0.92526402 1
0.2624 0.9262540992 1
0.2723 0.9272441784 1
0.2822 0.9282342576 1
0.2921 0.9292243368 1
0.302 0.930214416 1
0.3119 0.9312044952 1
0.3218 0.9321945744 1
0.3317 0.9331846536 1
0.3416 0.9341747328 1
0.3515 0.935164812 1
0.3614 0.9361548912 1
0.3713 0.9371449704 1
0.3812 0.9381350496 1
0.3911 0.9391251288 1
0.401 0.940115208 1
0.4109 0.9411052872 1
0.4208 0.9420953664 1
0.4307 0.9430854456 1
0.4406 0.9440755248 1
0.4505 0.945065604 1
0.4604 0.9460556832 1
0.4703 0.9470457624 1
0.4802 0.9480358416 1
0.4901 0.9490259208 1
0.5 0.950016 1
0.5099 0.9510060792 1
0.5198 0.9519961584 1
0.5297 0.9529862376 1
0.5396 0.9539763168 1
0.5495 0.954966396 1
0.5594 0.9559564752 1
0.5693 0.9569465544 1
0.5792 0.9579366336 1
0.5891 0.9589267128 1
0.599 0.959916792 1
0.6089 0.9609068712 1
0.6188 0.9618969504 1
0.6287 0.9628870296 1
0.6386 0.9638771088 1
0.6485 0.964867188 1
0.6584 0.9658572672 1
0.6683 0.9668473464 1
0.6782 0.9678374256 1
0.6881 0.9688275048 1
0.698 0.969817584 1
0.7079 0.9708076632 1
0.7178 0.9717977424 1
0.7277 0.9727878216 1
0.7376 0.9737779008 1
0.7475 0.97476798 1
0.7574 0.9757580592 1
0.7673 0.9767481384 1
0.7772 0.9777382176 1
0.7871 0.9787282968 1
0.797 0.979718376 1
0.8069 0.9807084552 1
0.8168 0.9816985344 1
0.8267 0.9826886136 1
0.8366 0.9836786928 1
0.8465 0.984668772 1
0.8564 0.9856588512 1
0.8663 0.9866489304 1
0.8762 0.9876390096 1
0.8861 0.9886290888 1
0.896 0.989619168 1
0.9059 0.9906092472 1
0.9158 0.9915993264 1
0.9257 0.9925894056 1
0.9356 0.9935794848 1
0.9455 0.994569564 1
0.9554 0.9955596432 1
0.9653 0.9965497224 1
0.9752 0.9975398016 1
0.9851 0.9985298808 1
0.995 0.99951996 1
0.005 0.910459841 1
0.0149 0.91135092218 1
0.0248 0.91224200336 1
0.0347 0.91313308454 1
0.0446 0.91402416572 1
0.0545 0.9149152469 1
0.0644 0.91580632808 1
0.0743 0.91669740926 1
0.0842 0.91758849044 1
0.0941 0.91847957162 1
0.104 0.9193706528 1
0.1139 0.92026173398 1
0.1238 0.92115281516 1
0.1337 0.92204389634 1
0.1436 0.92293497752 1
0.1535 0.9238260587 1
0.1634 0.92471713988 1
0.1733 0.92560822106 1
0.1832 0.92649930224 1
0.1931 0.92739038342 1
0.203 0.9282814646 1
0.2129 0.92917254578 1
0.2228 0.93006362696 1
0.2327 0.93095470814 1
0.2426 0.93184578932 1
0.2525 0.9327368705 1
0.2624 0.93362795168 1
0.2723 0.93451903286 1
0.2822 0.93541011404 1
0.2921 0.93630119522 1
0.302 0.9371922764 1
0.3119 0.93808335758 1
0.3218 0.93897443876 1
0.3317 0.93986551994 1
0.3416 0.94075660112 1
0.3515 0.9416476823 1
0.3614 0.94253876348 1
0.3713 0.94342984466 1
0.3812 0.94432092584 1
0.3911 0.94521200702 1
0.401 0.9461030882 1
0.4109 0.94699416938 1
0.4208 0.94788525056 1
0.4307 0.94877633174 1
0.4406 0.94966741292 1
0.4505 0.9505584941 1
0.4604 0.95144957528 1
0.4703 0.95234065646 1
0.4802 0.95323173764 1
0.4901 0.95412281882 1
0.5 0.9550139 1
0.5099 0.95590498118 1
0.5198 0.95679606236 1
0.5297 0.95768714354 1
0.5396 0.95857822472 1
0.5495 0.9594693059 1
0.5594 0.96036038708 1
0.5693 0.96125146826 1
0.5792 0.96214254944 1
0.5891 0.96303363062 1
0.599 0.9639247118 1
0.6089 0.96481579298 1
0.6188 0.96570687416 1
0.6287 0.96659795534 1
0.6386 0.96748903652 1
0.6485 0.9683801177 1
0.6584 0.96927119888 1
0.6683 0.97016228006 1
0.6782 0.97105336124 1
0.6881 0.97194444242 1
0.698 0.9728355236 1
0.7079 0.97372660478 1
0.7178 0.97461768596 1
0.7277 0.97550876714 1
0.7376 0.97639984832 1
0.7475 0.9772909295 1
0.7574 0.97818201068 1
0.7673 0.97907309186 1
0.7772 0.97996417304 1
0.7871 0.98085525422 1
0.797 0.9817463354 1
0.8069 0.98263741658 1
0.8168 0.98352849776 1
0.8267 0.98441957894 1
0.8366 0.98531066012 1
0.8465 0.9862017413 1
0.8564 0.98709282248 1
0.8663 0.98798390366 1
0.8762 0.98887498484 1
0.8861 0.98976606602 1
0.896 0.9906571472 1
0.9059 0.99154822838 1
0.9158 0.99243930956 1
0.9257 0.99333039074 1
0.9356 0.99422147192 1
0.9455 0.9951125531 1
0.9554 0.99600363428 1
0.9653 0.99689471546 1
0.9752 0.99778579664 1
0.9851 0.99867687782 1
0.995 0.999567959 1
0.005 0.920407642 1
0.0149 0.92119972516 1
0.0248 0.92199180832 1
0.0347 0.92278389148 1
0.0446 0.92357597464 1
0.0545 0.9243680578 1
0.0644 0.92516014096 1
0.0743 0.92595222412 1
0.0842 0.92674430728 1
0.0941 0.92753639044 1
0.104 0.9283284736 1
0.1139 0.92912055676 1
0.1238 0.92991263992 1
0.1337 0.93070472308 1
0.1436 0.93149680624 1
0.1535 0.9322888894 1
0.1634 0.93308097256 1
0.1733 0.93387305572 1
0.1832 0.93466513888 1
0.1931 0.93545722204 1
0.203 0.9362493052 1
0.2129 0.93704138836 1
0.2228 0.93783347152 1
0.2327 0.93862555468 1
0.2426 0.93941763784 1
0.2525 0.940209721 1
0.2624 0.94100180416 1
0.2723 0.94179388732 1
0.2822 0.94258597048 1
0.2921 0.94337805364 1
0.302 0.9441701368 1
0.3119 0.94496221996 1
0.3218 0.94575430312 1
0.3317 0.94654638628 1
0.3416 0.94733846944 1
0.3515 0.9481305526 1
0.3614 0.94892263576 1
0.3713 0.94971471892 1
0.3812 0.95050680208 1
0.3911 0.95129888524 1
0.401 0.9520909684 1
0.4109 0.95288305156 1
0.4208 0.95367513472 1
0.4307 0.95446721788 1
0.4406 0.95525930104 1
0.4505 0.9560513842 1
0.4604 0.95684346736 1
0.4703 0.95763555052 1
0.4802 0.95842763368 1
0.4901 0.95921971684 1
0.5 0.9600118 1
0.5099 0.96080388316 1
0.5198 0.96159596632 1
0.5297 0.96238804948 1
0.5396 0.96318013264 1
0.5495 0.9639722158 1
0.5594 0.96476429896 1
0.5693 0.96555638212 1
0.5792 0.96634846528 1
0.5891 0.96714054844 1
0.599 0.9679326316 1
0.6089 0.96872471476 1
0.6188 0.96951679792 1
0.6287 0.97030888108 1
0.6386 0.97110096424 1
0.6485 0.9718930474 1
0.6584 0.97268513056 1
0.6683 0.97347721372 1
0.6782 0.97426929688 1
0.6881 0.97506138004 1
0.698 0.9758534632 1
0.7079 0.97664554636 1
0.7178 0.97743762952 1
0.7277 0.97822971268 1
0.7376 0.97902179584 1
0.7475 0.979813879 1
0.7574 0.98060596216 1
0.7673 0.98139804532 1
0.7772 0.98219012848 1
0.7871 0.98298221164 1
0.797 0.9837742948 1
0.8069 0.98456637796 1
0.8168 0.98535846112 1
0.8267 0.98615054428 1
0.8366 0.98694262744 1
0.8465 0.9877347106 1
0.8564 0.98852679376 1
0.8663 0.98931887692 1
0.8762 0.99011096008 1
0.8861 0.99090304324 1
0.896 0.9916951264 1
0.9059 0.99248720956 1
0.9158 0.99327929272 1
0.9257 0.99407137588 1
0.9356 0.99486345904 1
0.9455 0.9956555422 1
0.9554 0.99644762536 1
0.9653 0.99723970852 1
0.9752 0.99803179168 1
0.9851 0.99882387484 1
0.995 0.999615958 1
0.005 0.930355443 1
0.0149 0.93104852814 1
0.0248 0.93174161328 1
0.0347 0.93243469842 1
0.0446 0.93312778356 1
0.0545 0.9338208687 1
0.0644 0.93451395384 1
0.0743 0.93520703898 1
0.0842 0.93590012412 1
0.0941 0.93659320926 1
0.104 0.9372862944 1
0.1139 0.93797937954 1
0.1238 0.93867246468 1
0.1337 0.93936554982 1
0.1436 0.94005863496 1
0.1535 0.9407517201 1
0.1634 0.94144480524 1
0.1733 0.94213789038 1
0.1832 0.94283097552 1
0.1931 0.94352406066 1
0.203 0.9442171458 1
0.2129 0.94491023094 1
0.2228 0.94560331608 1
0.2327 0.94629640122 1
0.2426 0.94698948636 1
0.2525 0.9476825715 1
0.2624 0.94837565664 1
0.2723 0.94906874178 1
0.2822 0.94976182692 1
0.2921 0.95045491206 1
0.302 0.9511479972 1
0.3119 0.95184108234 1
0.3218 0.95253416748 1
0.3317 0.95322725262 1
0.3416 0.95392033776 1
0.3515 0.9546134229 1
0.3614 0.95530650804 1
0.3713 0.95599959318 1
0.3812 0.95669267832 1
0.3911 0.95738576346 1
0.401 0.9580788486 1
0.4109 0.95877193374 1
0.4208 0.95946501888 1
0.4307 0.96015810402 1
0.4406 0.96085118916 1
0.4505 0.9615442743 1
0.4604 0.96223735944 1
0.4703 0.96293044458 1
0.4802 0.96362352972 1
0.4901 0.96431661486 1
0.5 0.9650097 1
0.5099 0.96570278514 1
0.5198 0.96639587028 1
0.5297 0.96708895542 1
0.5396 0.96778204056 1
0.5495 0.9684751257 1
0.5594 0.96916821084 1
0.5693 0.96986129598 1
0.5792 0.97055438112 1
0.5891 0.97124746626 1
0.599 0.9719405514 1
0.6089 0.97263363654 1
0.6188 0.97332672168 1
0.6287 0.97401980682 1
0.6386 0.97471289196 1
0.6485 0.9754059771 1
0.6584 0.97609906224 1
0.6683 0.97679214738 1
0.6782 0.97748523252 1
0.6881 0.97817831766 1
0.698 0.9788714028 1
0.7079 0.97956448794 1
0.7178 0.98025757308 1
0.7277 0.98095065822 1
0.7376 0.98164374336 1
0.7475 0.9823368285 1
0.7574 0.98302991364 1
0.7673 0.98372299878 1
0.7772 0.98441608392 1
0.7871 0.98510916906 1
0.797 0.9858022542 1
0.8069 0.98649533934 1
0.8168 0.98718842448 1
0.8267 0.98788150962 1
0.8366 0.98857459476 1
0.8465 0.9892676799 1
0.8564 0.98996076504 1
0.8663 0.99065385018 1
0.8762 0.99134693532 1
0.8861 0.99204002046 1
0.896 0.9927331056 1
0.9059 0.99342619074 1
0.9158 0.99411927588 1
0.9257 0.99481236102 1
0.9356 0.99550544616 1
0.9455 0.9961985313 1
0.9554 0.99689161644 1
0.9653 0.99758470158 1
0.9752 0.99827778672 1
0.9851 0.99897087186 1
0.995 0.999663957 1
0.005 0.940303244 1
0.0149 0.94089733112 1
0.0248 0.94149141824 1
0.0347 0.94208550536 1
0.0446 0.94267959248 1
0.0545 0.9432736796 1
0.0644 0.94386776672 1
0.0743 0.94446185384 1
0.0842 0.94505594096 1
0.0941 0.94565002808 1
0.104 0.9462441152 1
0.1139 0.94683820232 1
0.1238 0.94743228944 1
0.1337 0.94802637656 1
0.1436 0.94862046368 1
0.1535 0.9492145508 1
0.1634 0.94980863792 1
0.1733 0.95040272504 1
0.1832 0.95099681216 1
0.1931 0.95159089928 1
0.203 0.9521849864 1
0.2129 0.95277907352 1
0.2228 0.95337316064 1
0.2327 0.95396724776 1
0.2426 0.95456133488 1
0.2525 0.955155422 1
0.2624 0.95574950912 1
0.2723 0.95634359624 1
0.2822 0.95693768336 1
0.2921 0.95753177048 1
0.302 0.9581258576 1
0.3119 0.95871994472 1
0.3218 0.95931403184 1
0.3317 0.95990811896 1
0.3416 0.96050220608 1
0.3515 0.9610962932 1
0.3614 0.96169038032 1
0.3713 0.96228446744 1
0.3812 0.96287855456 1
0.3911 0.96347264168 1
0.401 0.9640667288 1
0.4109 0.96466081592 1
0.4208 0.96525490304 1
0.4307 0.96584899016 1
0.4406 0.96644307728 1
0.4505 0.9670371644 1
0.4604 0.96763125152 1
0.4703 0.96822533864 1
0.4802 0.96881942576 1
0.4901 0.96941351288 1
0.5 0.9700076 1
0.5099 0.97060168712 1
0.5198 0.97119577424 1
0.5297 0.97178986136 1
0.5396 0.97238394848 1
0.5495 0.9729780356 1
0.5594 0.97357212272 1
0.5693 0.97416620984 1
0.5792 0.97476029696 1
0.5891 0.97535438408 1
0.599 0.9759484712 1
0.6089 0.97654255832 1
0.6188 0.97713664544 1
0.6287 0.97773073256 1
0.6386 0.97832481968 1
0.6485 0.9789189068 1
0.6584 0.97951299392 1
0.6683 0.98010708104 1
0.6782 0.98070116816 1
0.6881 0.98129525528 1
0.698 0.9818893424 1
0.7079 0.98248342952 1
0.7178 0.98307751664 1
0.7277 0.98367160376 1
0.7376 0.98426569088 1
0.7475 0.984859778 1
0.7574 0.98545386512 1
0.7673 0.98604795224 1
0.7772 0.98664203936 1
0.7871 0.98723612648 1
0.797 0.9878302136 1
0.8069 0.98842430072 1
0.8168 0.98901838784 1
0.8267 0.98961247496 1
0.8366 0.99020656208 1
0.8465 0.9908006492 1
0.8564 0.99139473632 1
0.8663 0.99198882344 1
0.8762 0.99258291056 1
0.8861 0.99317699768 1
0.896 0.9937710848 1
0.9059 0.99436517192 1
0.9158 0.99495925904 1
0.9257 0.99555334616 1
0.9356 0.99614743328 1
0.9455 0.9967415204 1
0.9554 0.99733560752 1
0.9653 0.99792969464 1
0.9752 0.99852378176 1
0.9851 0.99911786888 1
0.995 0.999711956 1
0.005 0.950251045 1
0.0149 0.9507461341 1
0.0248 0.9512412232 1
0.0347 0.9517363123 1
0.0446 0.9522314014 1
0.0545 0.9527264905 1
0.0644 0.9532215796 1
0.0743 0.9537166687 1
0.0842 0.9542117578 1
0.0941 0.9547068469 1
0.104 0.955201936 1
0.1139 0.9556970251 1
0.1238 0.9561921142 1
0.1337 0.9566872033 1
0.1436 0.9571822924 1
0.1535 0.9576773815 1
0.1634 0.9581724706 1
0.1733 0.9586675597 1
0.1832 0.9591626488 1
0.1931 0.9596577379 1
0.203 0.960152827 1
0.2129 0.9606479161 1
0.2228 0.9611430052 1
0.2327 0.9616380943 1
0.2426 0.9621331834 1
0.2525 0.9626282725 1
0.2624 0.9631233616 1
0.2723 0.9636184507 1
0.2822 0.9641135398 1
0.2921 0.9646086289 1
0.302 0.965103718 1
0.3119 0.9655988071 1
0.3218 0.9660938962 1
0.3317 0.9665889853 1
0.3416 0.9670840744 1
0.3515 0.9675791635 1
0.3614 0.9680742526 1
0.3713 0.9685693417 1
0.3812 0.9690644308 1
0.3911 0.9695595199 1
0.401 0.970054609 1
0.4109 0.9705496981 1
0.4208 0.9710447872 1
0.4307 0.9715398763 1
0.4406 0.9720349654 1
0.4505 0.9725300545 1
0.4604 0.9730251436 1
0.4703 0.9735202327 1
0.4802 0.9740153218 1
0.4901 0.9745104109 1
0.5 0.9750055 1
0.5099 0.9755005891 1
0.5198 0.9759956782 1
0.5297 0.9764907673 1
0.5396 0.9769858564 1
0.5495 0.9774809455 1
0.5594 0.9779760346 1
0.5693 0.9784711237 1
0.5792 0.9789662128 1
0.5891 0.9794613019 1
0.599 0.979956391 1
0.6089 0.9804514801 1
0.6188 0.9809465692 1
0.6287 0.9814416583 1
0.6386 0.9819367474 1
0.6485 0.9824318365 1
0.6584 0.9829269256 1
0.6683 0.9834220147 1
0.6782 0.9839171038 1
0.6881 0.9844121929 1
0.698 0.984907282 1
0.7079 0.9854023711 1
0.7178 0.9858974602 1
0.7277 0.9863925493 1
0.7376 0.9868876384 1
0.7475 0.9873827275 1
0.7574 0.9878778166 1
0.7673 0.9883729057 1
0.7772 0.9888679948 1
0.7871 0.9893630839 1
0.797 0.989858173 1
0.8069 0.9903532621 1
0.8168 0.9908483512 1
0.8267 0.9913434403 1
0.8366 0.9918385294 1
0.8465 0.9923336185 1
0.8564 0.9928287076 1
0.8663 0.9933237967 1
0.8762 0.9938188858 1
0.8861 0.9943139749 1
0.896 0.994809064 1
0.9059 0.9953041531 1
0.9158 0.9957992422 1
0.9257 0.9962943313 1
0.9356 0.9967894204 1
0.9455 0.9972845095 1
0.9554 0.9977795986 1
0.9653 0.9982746877 1
0.9752 0.9987697768 1
0.9851 0.9992648659 1
0.995 0.999759955 1
0.005 0.960198846 1
0.0149 0.96059493708 1
0.0248 0.96099102816 1
0.0347 0.96138711924 1
0.0446 0.96178321032 1
0.0545 0.9621793014 1
0.0644 0.96257539248 1
0.0743 0.96297148356 1
0.0842 0.96336757464 1
0.0941 0.96376366572 1
0.104 0.9641597568 1
0.1139 0.96455584788 1
0.1238 0.96495193896 1
0.1337 0.96534803004 1
0.1436 0.96574412112 1
0.1535 0.9661402122 1
0.1634 0.96653630328 1
0.1733 0.96693239436 1
0.1832 0.96732848544 1
0.1931 0.96772457652 1
0.203 0.9681206676 1
0.2129 0.96851675868 1
0.2228 0.96891284976 1
0.2327 0.96930894084 1
0.2426 0.96970503192 1
0.2525 0.970101123 1
0.2624 0.97049721408 1
0.2723 0.97089330516 1
0.2822 0.97128939624 1
0.2921 0.97168548732 1
0.302 0.9720815784 1
0.3119 0.97247766948 1
0.3218 0.97287376056 1
0.3317 0.97326985164 1
0.3416 0.97366594272 1
0.3515 0.9740620338 1
0.3614 0.97445812488 1
0.3713 0.97485421596 1
0.3812 0.97525030704 1
0.3911 0.97564639812 1
0.401 0.9760424892 1
0.4109 0.97643858028 1
0.4208 0.97683467136 1
0.4307 0.97723076244 1
0.4406 0.97762685352 1
0.4505 0.9780229446 1
0.4604 0.97841903568 1
0.4703 0.97881512676 1
0.4802 0.97921121784 1
0.4901 0.97960730892 1
0.5 0.9800034 1
0.5099 0.98039949108 1
0.5198 0.98079558216 1
0.5297 0.98119167324 1
0.5396 0.98158776432 1
0.5495 0.9819838554 1
0.5594 0.98237994648 1
0.5693 0.98277603756 1
0.5792 0.98317212864 1
0.5891 0.98356821972 1
0.599 0.9839643108 1
0.6089 0.98436040188 1
0.6188 0.98475649296 1
0.6287 0.98515258404 1
0.6386 0.98554867512 1
0.6485 0.9859447662 1
0.6584 0.98634085728 1
0.6683 0.98673694836 1
0.6782 0.98713303944 1
0.6881 0.98752913052 1
0.698 0.9879252216 1
0.7079 0.98832131268 1
0.7178 0.98871740376 1
0.7277 0.98911349484 1
0.7376 0.98950958592 1
0.7475 0.989905677 1
0.7574 0.99030176808 1
0.7673 0.99069785916 1
0.7772 0.99109395024 1
0.7871 0.99149004132 1
0.797 0.9918861324 1
0.8069 0.99228222348 1
0.8168 0.99267831456 1
0.8267 0.99307440564 1
0.8366 0.99347049672 1
0.8465 0.9938665878 1
0.8564 0.99426267888 1
0.8663 0.99465876996 1
0.8762 0.99505486104 1
0.8861 0.99545095212 1
0.896 0.9958470432 1
0.9059 0.99624313428 1
0.9158 0.99663922536 1
0.9257 0.99703531644 1
0.9356 0.99743140752 1
0.9455 0.9978274986 1
0.9554 0.99822358968 1
0.9653 0.99861968076 1
0.9752 0.99901577184 1
0.9851 0.99941186292 1
0.995 0.999807954 1
0.005 0.970146647 1
0.0149 0.97044374006 1
0.0248 0.97074083312 1
0.0347 0.97103792618 1
0.0446 0.97133501924 1
0.0545 0.9716321123 1
0.0644 0.97192920536 1
0.0743 0.97222629842 1
0.0842 0.97252339148 1
0.0941 0.97282048454 1
0.104 0.9731175776 1
0.1139 0.97341467066 1
0.1238 0.97371176372 1
0.1337 0.97400885678 1
0.1436 0.97430594984 1
0.1535 0.9746030429 1
0.1634 0.97490013596 1
0.1733 0.97519722902 1
0.1832 0.97549432208 1
0.1931 0.97579141514 1
0.203 0.9760885082 1
0.2129 0.97638560126 1
0.2228 0.97668269432 1
0.2327 0.97697978738 1
0.2426 0.97727688044 1
0.2525 0.9775739735 1
0.2624 0.97787106656 1
0.2723 0.97816815962 1
0.2822 0.97846525268 1
0.2921 0.97876234574 1
0.302 0.9790594388 1
0.3119 0.97935653186 1
0.3218 0.97965362492 1
0.3317 0.97995071798 1
0.3416 0.98024781104 1
0.3515 0.9805449041 1
0.3614 0.98084199716 1
0.3713 0.98113909022 1
0.3812 0.98143618328 1
0.3911 0.98173327634 1
0.401 0.9820303694 1
0.4109 0.98232746246 1
0.4208 0.98262455552 1
0.4307 0.98292164858 1
0.4406 0.98321874164 1
0.4505 0.9835158347 1
0.4604 0.98381292776 1
0.4703 0.98411002082 1
0.4802 0.98440711388 1
0.4901 0.98470420694 1
0.5 0.9850013 1
0.5099 0.98529839306 1
0.5198 0.98559548612 1
0.5297 0.98589257918 1
0.5396 0.98618967224 1
0.5495 0.9864867653 1
0.5594 0.98678385836 1
0.5693 0.98708095142 1
0.5792 0.98737804448 1
0.5891 0.98767513754 1
0.599 0.9879722306 1
0.6089 0.98826932366 1
0.6188 0.98856641672 1
0.6287 0.98886350978 1
0.6386 0.98916060284 1
0.6485 0.9894576959 1
0.6584 0.98975478896 1
0.6683 0.99005188202 1
0.6782 0.99034897508 1
0.6881 0.99064606814 1
0.698 0.9909431612 1
0.7079 0.99124025426 1
0.7178 0.99153734732 1
0.7277 0.99183444038 1
0.7376 0.99213153344 1
0.7475 0.9924286265 1
0.7574 0.99272571956 1
0.7673 0.99302281262 1
0.7772 0.99331990568 1
0.7871 0.99361699874 1
0.797 0.9939140918 1
0.8069 0.99421118486 1
0.8168 0.99450827792 1
0.8267 0.99480537098 1
0.8366 0.99510246404 1
0.8465 0.9953995571 1
0.8564 0.99569665016 1
0.8663 0.99599374322 1
0.8762 0.99629083628 1
0.8861 0.99658792934 1
0.896 0.9968850224 1
0.9059 0.99718211546 1
0.9158 0.99747920852 1
0.9257 0.99777630158 1
0.9356 0.99807339464 1
0.9455 0.9983704877 1
0.9554 0.99866758076 1
0.9653 0.99896467382 1
0.9752 0.99926176688 1
0.9851 0.99955885994 1
0.995 0.999855953 1
0.005 0.980094448 1
0.0149 0.98029254304 1
0.0248 0.98049063808 1
0.0347 0.98068873312 1
0.0446 0.98088682816 1
0.0545 0.9810849232 1
0.0644 0.98128301824 1
0.0743 0.98148111328 1
0.0842 0.98167920832 1
0.0941 0.98187730336 1
0.104 0.9820753984 1
0.1139 0.98227349344 1
0.1238 0.98247158848 1
0.1337 0.98266968352 1
0.1436 0.98286777856 1
0.1535 0.9830658736 1
0.1634 0.98326396864 1
0.1733 0.98346206368 1
0.1832 0.98366015872 1
0.1931 0.98385825376 1
0.203 0.9840563488 1
0.2129 0.98425444384 1
0.2228 0.98445253888 1
0.2327 0.98465063392 1
0.2426 0.98484872896 1
0.2525 0.985046824 1
0.2624 0.98524491904 1
0.2723 0.98544301408 1
0.2822 0.98564110912 1
0.2921 0.98583920416 1
0.302 0.9860372992 1
0.3119 0.98623539424 1
0.3218 0.98643348928 1
0.3317 0.98663158432 1
0.3416 0.98682967936 1
0.3515 0.9870277744 1
0.3614 0.98722586944 1
0.3713 0.98742396448 1
0.3812 0.98762205952 1
0.3911 0.98782015456 1
0.401 0.9880182496 1
0.4109 0.98821634464 1
0.4208 0.98841443968 1
0.4307 0.98861253472 1
0.4406 0.98881062976 1
0.4505 0.9890087248 1
0.4604 0.98920681984 1
0.4703 0.98940491488 1
0.4802 0.98960300992 1
0.4901 0.98980110496 1
0.5 0.9899992 1
0.5099 0.99019729504 1
0.5198 0.99039539008 1
0.5297 0.99059348512 1
0.5396 0.99079158016 1
0.5495 0.9909896752 1
0.5594 0.99118777024 1
0.5693 0.99138586528 1
0.5792 0.99158396032 1
0.5891 0.99178205536 1
0.599 0.9919801504 1
0.6089 0.99217824544 1
0.6188 0.99237634048 1
0.6287 0.99257443552 1
0.6386 0.99277253056 1
0.6485 0.9929706256 1
0.6584 0.99316872064 1
0.6683 0.99336681568 1
0.6782 0.99356491072 1
0.6881 0.99376300576 1
0.698 0.9939611008 1
0.7079 0.99415919584 1
0.7178 0.99435729088 1
0.7277 0.99455538592 1
0.7376 0.99475348096 1
0.7475 0.994951576 1
0.7574 0.99514967104 1
0.7673 0.99534776608 1
0.7772 0.99554586112 1
0.7871 0.99574395616 1
0.797 0.9959420512 1
0.8069 0.99614014624 1
0.8168 0.99633824128 1
0.8267 0.99653633632 1
0.8366 0.99673443136 1
0.8465 0.9969325264 1
0.8564 0.99713062144 1
0.8663 0.99732871648 1
0.8762 0.99752681152 1
0.8861 0.99772490656 1
0.896 0.9979230016 1
0.9059 0.99812109664 1
0.9158 0.99831919168 1
0.9257 0.99851728672 1
0.9356 0.99871538176 1
0.9455 0.9989134768 1
0.9554 0.99911157184 1
0.9653 0.99930966688 1
0.9752 0.99950776192 1
0.9851 0.99970585696 1
0.995 0.999903952 1
0.005 0.990042249 1
0.0149 0.99014134602 1
0.0248 0.99024044304 1
0.0347 0.99033954006 1
0.0446 0.99043863708 1
0.0545 0.9905377341 1
0.0644 0.99063683112 1
0.0743 0.99073592814 1
0.0842 0.99083502516 1
0.0941 0.99093412218 1
0.104 0.9910332192 1
0.1139 0.99113231622 1
0.1238 0.99123141324 1
0.1337 0.99133051026 1
0.1436 0.99142960728 1
0.1535 0.9915287043 1
0.1634 0.99162780132 1
0.1733 0.99172689834 1
0.1832 0.99182599536 1
0.1931 0.99192509238 1
0.203 0.9920241894 1
0.2129 0.99212328642 1
0.2228 0.99222238344 1
0.2327 0.99232148046 1
0.2426 0.99242057748 1
0.2525 0.9925196745 1
0.2624 0.99261877152 1
0.2723 0.99271786854 1
0.2822 0.99281696556 1
0.2921 0.99291606258 1
0.302 0.9930151596 1
0.3119 0.99311425662 1
0.3218 0.99321335364 1
0.3317 0.99331245066 1
0.3416 0.99341154768 1
0.3515 0.9935106447 1
0.3614 0.99360974172 1
0.3713 0.99370883874 1
0.3812 0.99380793576 1
0.3911 0.99390703278 1
0.401 0.9940061298 1
0.4109 0.99410522682 1
0.4208 0.99420432384 1
0.4307 0.99430342086 1
0.4406 0.99440251788 1
0.4505 0.9945016149 1
0.4604 0.99460071192 1
0.4703 0.99469980894 1
0.4802 0.99479890596 1
0.4901 0.99489800298 1
0.5 0.9949971 1
0.5099 0.99509619702 1
0.5198 0.99519529404 1
0.5297 0.99529439106 1
0.5396 0.99539348808 1
0.5495 0.9954925851 1
0.5594 0.99559168212 1
0.5693 0.99569077914 1
0.5792 0.99578987616 1
0.5891 0.99588897318 1
0.599 0.9959880702 1
0.6089 0.99608716722 1
0.6188 0.99618626424 1
0.6287 0.99628536126 1
0.6386 0.99638445828 1
0.6485 0.9964835553 1
0.6584 0.99658265232 1
0.6683 0.99668174934 1
0.6782 0.99678084636 1
0.6881 0.99687994338 1
0.698 0.9969790404 1
0.7079 0.99707813742 1
0.7178 0.99717723444 1
0.7277 0.99727633146 1
0.7376 0.99737542848 1
0.7475 0.9974745255 1
0.7574 0.99757362252 1
0.7673 0.99767271954 1
0.7772 0.99777181656 1
0.7871 0.99787091358 1
0.797 0.9979700106 1
0.8069 0.99806910762 1
0.8168 0.99816820464 1
0.8267 0.99826730166 1
0.8366 0.99836639868 1
0.8465 0.9984654957 1
0.8564 0.99856459272 1
0.8663 0.99866368974 1
0.8762 0.99876278676 1
0.8861 0.99886188378 1
0.896 0.9989609808 1
0.9059 0.99906007782 1
0.9158 0.99915917484 1
0.9257 0.99925827186 1
0.9356 0.99935736888 1
0.9455 0.9994564659 1
0.9554 0.99955556292 1
0.9653 0.99965465994 1
0.9752 0.99975375696 1
0.9851 0.99985285398 1
0.995 0.999951951 1
0.005 0.99999005 1
0.0149 0.999990149 1
0.0248 0.999990248 1
0.0347 0.999990347 1
0.0446 0.999990446 1
0.0545 0.999990545 1
0.0644 0.999990644 1
0.0743 0.999990743 1
0.0842 0.999990842 1
0.0941 0.999990941 1
0.104 0.99999104 1
0.1139 0.999991139 1
0.1238 0.999991238 1
0.1337 0.999991337 1
0.1436 0.999991436 1
0.1535 0.999991535 1
0.1634 0.999991634 1
0.1733 0.999991733 1
0.1832 0.999991832 1
0.1931 0.999991931 1
0.203 0.99999203 1
0.2129 0.999992129 1
0.2228 0.999992228 1
0.2327 0.999992327 1
0.2426 0.999992426 1
0.2525 0.999992525 1
0.2624 0.999992624 1
0.2723 0.999992723 1
0.2822 0.999992822 1
0.2921 0.999992921 1
0.302 0.99999302 1
0.3119 0.999993119 1
0.3218 0.999993218 1
0.3317 0.999993317 1
0.3416 0.999993416 1
0.3515 0.999993515 1
0.3614 0.999993614 1
0.3713 0.999993713 1
0.3812 0.999993812 1
0.3911 0.999993911 1
0.401 0.99999401 1
0.4109 0.999994109 1
0.4208 0.999994208 1
0.4307 0.999994307 1
0.4406 0.999994406 1
0.4505 0.999994505 1
0.4604 0.999994604 1
0.4703 0.999994703 1
0.4802 0.999994802 1
0.4901 0.999994901 1
0.5 0.999995 1
0.5099 0.999995099 1
0.5198 0.999995198 1
0.5297 0.999995297 1
0.5396 0.999995396 1
0.5495 0.999995495 1
0.5594 0.999995594 1
0.5693 0.999995693 1
0.5792 0.999995792 1
0.5891 0.999995891 1
0.599 0.99999599 1
0.6089 0.999996089 1
0.6188 0.999996188 1
0.6287 0.999996287 1
0.6386 0.999996386 1
0.6485 0.999996485 1
0.6584 0.999996584 1
0.6683 0.999996683 1
0.6782 0.999996782 1
0.6881 0.999996881 1
0.698 0.99999698 1
0.7079 0.999997079 1
0.7178 0.999997178 1
0.7277 0.999997277 1
0.7376 0.999997376 1
0.7475 0.999997475 1
0.7574 0.999997574 1
0.7673 0.999997673 1
0.7772 0.999997772 1
0.7871 0.999997871 1
0.797 0.99999797 1
0.8069 0.999998069 1
0.8168 0.999998168 1
0.8267 0.999998267 1
0.8366 0.999998366 1
0.8465 0.999998465 1
0.8564 0.999998564 1
0.8663 0.999998663 1
0.8762 0.999998762 1
0.8861 0.999998861 1
0.896 0.99999896 1
0.9059 0.999999059 1
0.9158 0.999999158 1
0.9257 0.999999257 1
0.9356 0.999999356 1
0.9455 0.999999455 1
0.9554 0.999999554 1
0.9653 0.999999653 1
0.9752 0.999999752 1
0.9851 0.999999851 1
0.995 0.99999995 1
